sku;cnpj;nome_empresa;nome_fantasia;categoria;codigo_colecao;titulo_colecao;titulo_volume;edital;codigo_serie;serie;ano_edicao;isbn;paginas;largura_altura_mm;espessura_mm;peso_g;quantidade_exemplares;valor_unitario;valor_total;acervo
IMLE0000250349P240302000000;13764332000194; BUQUI COMERCIO DE LIVROS LTDA;Buqui;Categoria 2;0349 P24 03 02 000 000;FRANKENSTEIN;Frankenstein - Livro do estudante impresso;PNLD 2024-2027 - ANOS FINAIS;025;8º e 9º ano;2022;9788583386490;144;135x205;9;200;50093;10.41;521468.13;10
IMLE0000250223P240302000000;27196868000165;27.196.868 FRANCISCO JOSE FRANCO DOS SANTOS;;Categoria 2;0223 P24 03 02 000 000;JOGOS DE VERDADE;Jogos de verdade;PNLD 2024-2027 - ANOS FINAIS;025;8º e 9º ano;2022;9786599180835;80;135x205;5;89;38212;7.72;294996.64;6
IMLE0000250412P240302000000;33836782000152;33.836.782 JEAN CARLO BARUSSO;Editora Echoar;Categoria 2;0412 P24 03 02 000 000;VIS.UAU;vis.uau;PNLD 2024-2027 - ANOS FINAIS;025;8º e 9º ano;2022;9786599881404;64;205x135;4;80;41776;6.01;251073.76;6
IMLE0000250301P240302000000;36185093000113;36.185.093 ANA CAROLYNE DE LIMA FERNANDES;;Categoria 2;0301 P24 03 02 000 000;TRISTE FIM DE POLICARPO QUARESMA EM CORDEL;Triste fim de Policarpo Quaresma em cordel;PNLD 2024-2027 - ANOS FINAIS;025;8º e 9º ano;2022;9786599849206;72;205x275;4;163;44691;7.44;332501.04;8
IMLE0000250325P240302000000;01795809000110;A Pagina Distribuidora de Livros Ltda;A Pagina;Categoria 2;0325 P24 03 02 000 000;DOIS PINHEIROS E O MAR: E OUTRAS CRÔNICAS SOBRE MEIO AMBIENTE;Dois pinheiros e o mar: e outras crônicas sobre meio ambiente;PNLD 2024-2027 - ANOS FINAIS;025;8º e 9º ano;2022;9786589746126;112;135x205;4;160;44480;9.00;400320.00;8
IMLE0000240459P240301000000;20635692000151;A. GERARDI;GERARDI EDITORIAL;Categoria 1;0459 P24 03 01 000 000;MEU CACHORRO ERA PARA SER UM VIDEOGAME;Meu cachorro era para ser um videogame;PNLD 2024-2027 - ANOS FINAIS;024;6º e 7º ano;2022;9786584619142;80;135x205;4;107;47585;6.16;293123.60;1
IMLE0000250164P240302000000;10588186000103;ABACATTE EDITORIAL LTDA;Abacatte Editorial;Categoria 2;0164 P24 03 02 000 000;CINCO SENTIDOS E OUTROS;Cinco Sentidos e outros;PNLD 2024-2027 - ANOS FINAIS;025;8º e 9º ano;2022;9786589586401;52;205x275;5;190;41854;7.47;312649.38;6
IMLE0000240040P240301000000;01600127000104;Ágape Produções Didáticas e Literárias Ltda;Editora Florear Livros;Categoria 1;0040 P24 03 01 000 000;A ÁRVORE-TEIA: UMA FÁBULA SOBRE O TEMPO ;A árvore-teia: uma fábula sobre o tempo ;PNLD 2024-2027 - ANOS FINAIS;024;6º e 7º ano;2022;9786588966426;72;205x275;3;163;109589;5.99;656438.11;5
IMLE0000240078P240301000000;33036323000194;AKPALÔ EDITORA LTDA;AKPALÔ ;Categoria 1;0078 P24 03 01 000 000;O HAITI DE JEAN;O HAITI DE JEAN;PNLD 2024-2027 - ANOS FINAIS;024;6º e 7º ano;2022;9786559070824;128;135x205;10;174;41900;11.87;497353.00;2
IMLE0000240348P240301000000;05288153000108;ALAÚDE EDITORIAL LTDA;Editora Alaúde;Categoria 1;0348 P24 03 01 000 000;A ÁRVORE DE CARNE E OUTROS CONTOS;A árvore de carne e outros contos;PNLD 2024-2027 - ANOS FINAIS;024;6º e 7º ano;2022;9786555681178;56;205x275;2;150;90999;4.94;449535.06;1
IMLE0000250155P240302000000;23765714000196;ALEXANDRE FONSECA EDITOR E LIVREIRO LTDA;;Categoria 2;0155 P24 03 02 000 000;O ORNINTORRINCO;O ornintorrinco;PNLD 2024-2027 - ANOS FINAIS;025;8º e 9º ano;2022;9786599391071;80;135x205;4;94;39531;6.42;253789.02;8
IMLE0000240542P240301000000;14094044000132;ALIANÇA DO LIVRO;ALIANÇA DO LIVRO ACABAMENTOS GRAFICOS LTDA;Categoria 1;0542 P24 03 01 000 000;UM PAI MUITO SÁBIO E OUTROS CONTOS AFRICANOS;Um pai muito sábio e outros contos africanos;PNLD 2024-2027 - ANOS FINAIS;024;6º e 7º ano;2022;9786599882609;112;135x205;5;124;50990;8.32;424236.80;3
IMLE0000240522P240301000000;35924577000174;ALPHA CONSULTORIA E GESTAO DE NEGOCIOS LTDA;ALPHA;Categoria 1;0522 P24 03 01 000 000;QUANDO A PRIMAVERA...;QUANDO A PRIMAVERA...;PNLD 2024-2027 - ANOS FINAIS;024;6º e 7º ano;2022;9786599885013;64;205x275;4;206;43873;8.83;387398.59;2
IMLE0000240105P240301000000;01600124000170;Alumbre Produções Didáticas e Literárias Ltda.;Editora Alumbre;Categoria 1;0105 P24 03 01 000 000;MONA LUA E O MONSTRO CINZENTO ;Mona Lua e o Monstro Cinzento;PNLD 2024-2027 - ANOS FINAIS;024;6º e 7º ano;2022;9786584543041;64;205x275;4;181;38321;7.33;280892.93;3
IMLE0000240086P240301000000;11153245000175;AMOK SERVICOS LTDA;Amok;Categoria 1;0086 P24 03 01 000 000;O PARAÍSO DE JOHN JOHN;O Paraíso do John John;PNLD 2024-2027 - ANOS FINAIS;024;6º e 7º ano;2022;9786589600084;72;205x275;4;211;39762;8.02;318891.24;4
IMLE0000240384P240301000000;28039515000114;ANDORINHAS EDITORIAL LTDA;;Categoria 1;0384 P24 03 01 000 000;A MENINA COM OS PÉS NO CHÃO;A menina com os pés no chão;PNLD 2024-2027 - ANOS FINAIS;024;6º e 7º ano;2022;9786589777144;80;275x205;3;219;44810;8.45;378644.50;3
IMLE0000240483P240301000000;21256947000138;ANDRE ALEXANDRE VASCONCELOS;Amoler;Categoria 1;0483 P24 03 01 000 000;A EXCÊNTRICA FAMÍLIA DE ANIEL - HISTÓRIAS FANTASMAGÓRICAS DO BRASIL PROFUNDO;A excêntrica família de Aniel - Histórias fantasmagóricas do Brasil profundo;PNLD 2024-2027 - ANOS FINAIS;024;6º e 7º ano;2022;9786555614398;108;135x205;8;200;62463;8.49;530310.87;4
IMLE0000240077P240301000000;35625006000139;ARCO 43 EDITORA LTDA;ARCO 43 ;Categoria 1;0077 P24 03 01 000 000;NASCI EM 1922, ANO DA SEMANA DE ARTE MODERNA;NASCI EM 1922, ANO DA SEMANA DE ARTE MODERNA;PNLD 2024-2027 - ANOS FINAIS;024;6º e 7º ano;2022;9786586987478;120;135x205;9;164;42676;10.50;448098.00;5
IMLE0000240420P240301000000;30438629000189;ARTE DAS LETRAS GRAFICA E EDITORA LTDA;Arte das Letras;Categoria 1;0420 P24 03 01 000 000;ORGULHO E PRECONCEITO EM CORDEL;Orgulho e preconceito em cordel;PNLD 2024-2027 - ANOS FINAIS;024;6º e 7º ano;2022;9786599660849;112;135x205;6;124;60178;8.16;491052.48;2
IMLE0000250218P240302000000;03878517000176;ARTLIVROS - DISTRIBUIÇÃO EDITORIAL LTDA;;Categoria 2;0218 P24 03 02 000 000;OS CAVALINHOS DE PLATIPLANTO: CONTOS;Os cavalinhos de Platiplanto: Contos;PNLD 2024-2027 - ANOS FINAIS;025;8º e 9º ano;2022;9786599670381;168;135x205;10;225;39275;14.13;554955.75;9
IMLE0000250308P240302000000;76659820000909;Associação Paranaense de Cultura – APC ;Editora Universitária Champagnat;Categoria 2;0308 P24 03 02 000 000;A REVOLUÇÃO DOS BICHOS;A revolução dos bichos;PNLD 2024-2027 - ANOS FINAIS;025;8º e 9º ano;2022;9786589590187;160;135x205;10;215;121370;9.77;1185784.90;6
IMLE0000240471P240301000000;26042437000181;Atalante Editores Ltda.;Atalante ;Categoria 1;0471 P24 03 01 000 000;MENINA SILÊNCIO;Menina Silêncio;PNLD 2024-2027 - ANOS FINAIS;024;6º e 7º ano;2022;9786584596085;40;135x205;4;110;48404;4.72;228466.88;1
IMLE0000250444P240302000000;07593572000170;Autêntica Editora Ltda;Autêntica;Categoria 2;0444 P24 03 02 000 000;A EXTRAORDINÁRIA GAROTA CHAMADA ESTRELA;A extraordinária garota chamada Estrela;PNLD 2024-2027 - ANOS FINAIS;025;8º e 9º ano;2022;9786559281992;208;135x205;10;260;99682;12.84;1279916.88;10
IMLE0000250006P240302000000;09369104000142;Avalia Qualidade Educacional LTDA.;Avalia;Categoria 2;0006 P24 03 02 000 000;CRÔNICAS INDÍGENAS PARA RIR E REFLETIR NA ESCOLA;Crônicas indígenas para rir e refletir na escola;PNLD 2024-2027 - ANOS FINAIS;025;8º e 9º ano;2022;9786588406182;104;135x205;5;130;94718;6.61;626085.98;6
IMLE0000250120P240302000000;28825824000110;Ayllon Editora LTDA;Ayllon;Categoria 2;0120 P24 03 02 000 000;AS CALÇAS DO RAPOSO E OUTROS CAUSOS DE ILUSÕES E CONFUSÕES;As calças do Raposo e outros causos de ilusões e confusões;PNLD 2024-2027 - ANOS FINAIS;025;8º e 9º ano;2022;9786584715004;208;135x205;11;475;41014;16.23;665657.22;10
IMLE0000250481P240302000000;22622213000198;BAMBOLE EDITORA E LIVRARIA LTDA;EDITORAS BAMBOLE & ELIPSE;Categoria 2;0481 P24 03 02 000 000;A TURMA DO CP-500: O MISTÉRIO DA CASA DE PEDRAS;A Turma do CP-500: o mistério da casa de pedras;PNLD 2024-2027 - ANOS FINAIS;025;8º e 9º ano;2022;9786586749366;264;135x205;15;293;46823;17.35;812379.05;8
IMLE0000250274P240302000000;07608320000178;BASE EDITORIAL LTDA;Editora BASE;Categoria 2;0274 P24 03 02 000 000;KINA, A SURFISTA ;Kina, a surfista;PNLD 2024-2027 - ANOS FINAIS;025;8º e 9º ano;2022;9788542706291;192;135x205;12;220;38889;17.20;668890.80;9
IMLE0000250540P240302000000;31191060000162;BEATRIZ M S S PRADO LTDA;BARCO EDITORA;Categoria 2;0540 P24 03 02 000 000;AS BUSCAS DE LINA: VITÓRIAS SOBRE O ISOLAMENTO;AS BUSCAS DE LINA:VITÓRIA SOBRE O ISOLAMENTO;PNLD 2024-2027 - ANOS FINAIS;025;8º e 9º ano;2022;9786599876400;200;135x205;8;222;43514;14.69;639220.66;7
IMLE0000250194P240302000000;21919164000197;BICO DE LLACRE EDITORA DE LIVROS LTDA;BICO DE LLACRE;Categoria 2;0194 P24 03 02 000 000;O ALIENISTA: BASEADO NA OBRA DE MACHADO DE ASSIS;O alienista: Baseado na obra de Machado de Assis;PNLD 2024-2027 - ANOS FINAIS;025;8º e 9º ano;2022;9788554142162;88;205x275;6;250;54898;10.63;583565.74;8
IMLE0000250208P240302000000;11699990000114;Biquíni;Biquíni Edições e Produções LTDA;Categoria 2;0208 P24 03 02 000 000;AMORES SURDOS;Amores surdos;PNLD 2024-2027 - ANOS FINAIS;025;8º e 9º ano;2022;9786599874000;88;135x205;5;208;48885;5.91;288910.35;9
IMLE0000250232P240302000000;12028275000112;BOCIANOSKI COMERCIO DE LIVROS E REVISTAS LTDA;LIVROS MAIS;Categoria 2;0232 P24 03 02 000 000;UMA TURMA INESQUECÍVEL;Uma Turma Inesquecível;PNLD 2024-2027 - ANOS FINAIS;025;8º e 9º ano;2022;9786584817111;88;135x205;4;92;43256;8.26;357294.56;7
IMLE0000240071P240301000000;04092943000142;Bom Bini Editora e Assessoria Ltda;Bamboozinho;Categoria 1;0071 P24 03 01 000 000;BICHOS DE CÁ;BICHOS DE CÁ;PNLD 2024-2027 - ANOS FINAIS;024;6º e 7º ano;2021;9786586389180;40;205x275;3;110;40888;6.98;285398.24;5
IMLE0000250350P240302000000;28694893000131;BOX EDITORA LTDA ;Mar Azul;Categoria 2;0350 P24 03 02 000 000;VINTE MIL LÉGUAS SUBMARINAS;Vinte mil léguas submarinas - Livro do estudante impresso;PNLD 2024-2027 - ANOS FINAIS;025;8º e 9º ano;2022;9786584612068;64;205x275;4;159;42494;8.08;343351.52;7
IMLE0000240190P240301000000;36222156000164;BRINQUE-BOOK EDITORA DE LIVROS LTDA;;Categoria 1;0190 P24 03 01 000 000;AS AVENTURAS DE DOM QUIXOTE E SEU FIEL ESCUDEIRO SANCHO PANÇA: BASEADO NA OBRA DE MIGUEL DE CERVANTES;As aventuras de Dom Quixote e seu fiel escudeiro Sancho Pança: Baseado na obra de Miguel de Cervantes;PNLD 2024-2027 - ANOS FINAIS;024;6º e 7º ano;2022;9786556540238;176;135x205;11;230;56434;12.63;712761.42;2
IMLE0000240166P240301000000;18835479000141;CAIXOTE EDITORA, COMÉRCIO DE LIVROS E DESENVOLVIMENTO DE SOFTWARE LTDA;Editora Caixote;Categoria 1;0166 P24 03 01 000 000;UMA BONECA PARA MENITINHA;Uma boneca para Menitinha;PNLD 2024-2027 - ANOS FINAIS;024;6º e 7º ano;2022;9786586666236;124;135x205;765;163;37924;11.63;441056.12;3
IMLE0000240342P240301000000;01297467000108;Caligrama Editorial Ltda.;Obá Editorial;Categoria 1;0342 P24 03 01 000 000;LOLA LORETA E A SEMANA DE TODO MUNDO;Lola Loreta e a Semana de Todo Mundo;PNLD 2024-2027 - ANOS FINAIS;024;6º e 7º ano;2022;9786599451867;144;135x205;6;169;39932;12.53;500347.96;4
IMLE0000240173P240301000000;13365582000151;Cameron Editora e Gráfica Ltda ;Editora Cameron;Categoria 1;0173 P24 03 01 000 000;REFUGIADOS;REFUGIADOS;PNLD 2024-2027 - ANOS FINAIS;024;6º e 7º ano;2022;9786589390145;304;135x205;19;428;42207;24.34;1027318.38;5
IMLE0000240188P240301000000;05334627000100;CAPITAL DAS LETRAS DISTRIBUIDORA DE LIVROS LTDA;CAPITAL DAS LETRAS ;Categoria 1;0188 P24 03 01 000 000;ALICE: AVENTURAS DE ALICE NO PAÍS DAS MARAVILHAS & ATRAVÉS DO ESPELHO E O QUE ALICE ENCONTROU POR LÁ;Alice: Aventuras de Alice no País das Maravilhas & Através do Espelho e o que Alice encontrou por lá;PNLD 2024-2027 - ANOS FINAIS;024;6º e 7º ano;2022;9786589603184;336;135x205;19;430;78407;21.47;1683398.29;1
IMLE0000240343P240301000000;23622907000198;Capitu Editora Ltda.;Capitu;Categoria 1;0343 P24 03 01 000 000;AMONSTRAGEM: AMOSTRAS REAIS DE MONSTROS MITOLÓGICOS;Amonstragem: amostras reais de monstros mitológicos;PNLD 2024-2027 - ANOS FINAIS;024;6º e 7º ano;2022;9788592514082;192;135x205;7;225;42925;14.63;627992.75;2
IMLE0000250135P240302000000;35834896000199;CARLOS E R BARBOSA EDITORA;EDITORA BATEL;Categoria 2;0135 P24 03 02 000 000;MENINOS CARVOEIROS E OUTROS POEMAS;Meninos Carvoeiros;PNLD 2024-2027 - ANOS FINAIS;025;8º e 9º ano;2022;9788571740556;172;135x205;11;215;40846;16.24;663339.04;7
IMLE0000240341P240301000000;06222172000196;Carochinha Editora Ltda.;Carochinha;Categoria 1;0341 P24 03 01 000 000;SOFIA, A GATA NINJA: E A ESPETACULAR FUGA DA COBRA-REAL;Sofia, a gata ninja: e a espetacular fuga da cobra-real;PNLD 2024-2027 - ANOS FINAIS;024;6º e 7º ano;2022;9786559492077;192;135x205;7;225;38326;15.91;609766.66;3
IMLE0000250070P240302000000;48764955000141;CASA DE LETRAS EDITORA E GRAFICA LTDA;Casa de Letras;Categoria 2;0070 P24 03 02 000 000;FUNMILAYO RANSOME-KUTI E A UNIÃO DAS MULHERES DE ABEOKUTA;Funmilayo Ransome-Kuti e a união das mulheres de Abeokuta;PNLD 2024-2027 - ANOS FINAIS;025;8º e 9º ano;2022;9786599399299;96;205x275;6;217;40053;10.48;419755.44;7
IMLE0000250365P240302000000;27869077000159;CASA INVERSO LTDA.;Editora Inverso;Categoria 2;0365 P24 03 02 000 000;DOIS MUNDOS DE LINDA;Dois mundos de Linda;PNLD 2024-2027 - ANOS FINAIS;025;8º e 9º ano;2022;9786585055000;104;205x135;6;116;38899;8.92;346979.08;7
IMLE0000240367P240301000000;15102138000179;Cbook Produções Didáticas e Literárias Ltda ;Cbook Produções Didáticas e Literárias;Categoria 1;0367 P24 03 01 000 000;EXISTIR, RESISTIR;Existir, resistir;PNLD 2024-2027 - ANOS FINAIS;024;6º e 7º ano;2022;9786599851704;64;205x275;4;145;46395;6.76;313630.20;1
IMLE0000250253P240302000000;22786843000106;CETUS GRAFICA E EDITORA;CETUS GRAFICA E EDITORA LTDA;Categoria 2;0253 P24 03 02 000 000;MICRÔMEGAS: UMA HISTÓRIA FILOSÓFICA;Micrômegas: uma história filosófica;PNLD 2024-2027 - ANOS FINAIS;025;8º e 9º ano;2022;9786599865411;72;135x205;4;80;38333;6.73;257981.09;9
IMLE0000240455P240301000000;08732241000137;Chris Ritchie e Fernando C. Olinto Ensino de Idiomas Ltda;Livro que marca;Categoria 1;0455 P24 03 01 000 000;MONTANHA PARA ANDARILHOS;Montanha para andarilhos;PNLD 2024-2027 - ANOS FINAIS;024;6º e 7º ano;2022;9786599856501;56;205x275;4;127;41473;6.58;272892.34;2
IMLE0000250093P240302000000;07474150000186;CLB Produções Artísticas Ltda;CLB Produções;Categoria 2;0093 P24 03 02 000 000;A ÚLTIMA LIVRARIA DA MINHA RUA;A última livraria da minha rua LE;PNLD 2024-2027 - ANOS FINAIS;025;8º e 9º ano;2022;9786587181240;120;205x135;8;150;44537;10.46;465857.02;8
IMLE0000240269P240301000000;30009531000106;COLLI BOOKS EDITORA E DISTRIBUIDORA DE LIVROS LTDA;COLLI BOOKS;Categoria 1;0269 P24 03 01 000 000;DESCOBERTAS DE INAIÁ;Descobertas de Inaiá;PNLD 2024-2027 - ANOS FINAIS;024;6º e 7º ano;2022;9788554059736;92;135x205;6;135;41882;8.09;338825.38;5
IMLE0000240003P240301000000;08731195000151;COMBOIO DE CORDA EDITORA LTDA;não há;Categoria 1;0003 P24 03 01 000 000;NOSSA BICICLETA;NOSSA BICICLETA;PNLD 2024-2027 - ANOS FINAIS;024;6º e 7º ano;2022;9786589146094;96;135x205;7;132;47286;7.78;367885.08;1
IMLE0000250277P240302000000;32171051000172;DARIO CHECCHETTI FILHO REPRESENTANTE COMERCIAL;BASP REPRESENTACOES COMERCIAIS;Categoria 2;0277 P24 03 02 000 000;A MENINA DO DIA;A menina do dia;PNLD 2024-2027 - ANOS FINAIS;025;8º e 9º ano;2022;9786599865619;88;135x205;7;124;42992;7.19;309112.48;8
IMLE0000250526P240302000000;26572074000196;DIAN & SILVA EMPREENDIMENTOS EDUCACIONAIS E EDITORIAIS LTDA;DIAN & SILVA;Categoria 2;0526 P24 03 02 000 000;LUZIA, MULHER CORAGEM. UM CONTO SOBRE A PRIMEIRA BRASILEIRA;Luzia, mulher coragem. Um conto sobre a primeira brasileira;PNLD 2024-2027 - ANOS FINAIS;025;8º e 9º ano;2022;9786584572140;44;205x275;2;105;43215;6.66;287811.90;7
IMLE0000240417P240301000000;15917097000179;Dias dos Santos Participações LTDA;Contemporânea;Categoria 1;0417 P24 03 01 000 000;O MISTÉRIO DA SALA SECRETA;O mistério da Sala Secreta;PNLD 2024-2027 - ANOS FINAIS;024;6º e 7º ano;2022;9786589703242;192;135x205;10;240;50908;13.53;688785.24;2
IMLE0000240059P240301000000;33495771000156;Distribuidora Record de Serviços de Imprensa S/A;Distribuidora Record;Categoria 1;0059 P24 03 01 000 000;PRINCESA DAS ÁGUAS;PRINCESA DAS ÁGUAS;PNLD 2024-2027 - ANOS FINAIS;024;6º e 7º ano;2022;9786589442134;384;135x205;24;540;41462;29.97;1242616.14;3
IMLE0000240382P240301000000;27566951000189;DOCES HISTORIAS LTDA;Doces Histórias;Categoria 1;0382 P24 03 01 000 000;ESCOLHA SEU DRAGÃO;Escolha seu dragão;PNLD 2024-2027 - ANOS FINAIS;024;6º e 7º ano;2022;9786589813132;88;205x275;4;199;45267;9.09;411477.03;4
IMLE0000240460P240301000000;14607890000109;DRAGON LOGISTICA E DISTRIBUICAO LTDA;DRAGON EDITORIAL;Categoria 1;0460 P24 03 01 000 000;COMPANHIA TRÊS MARIAS;Companhia três Marias;PNLD 2024-2027 - ANOS FINAIS;024;6º e 7º ano;2022;9786589375203;160;135x205;7;199;39175;12.52;490471.00;4
IMLE0000240405P240301000000;10233817000163;DSOP EDUCACAO FINANCEIRA LTDA;Editora DSOP;Categoria 1;0405 P24 03 01 000 000;A SACOLA PERDIDA;A sacola perdida: livro do estudante;PNLD 2024-2027 - ANOS FINAIS;024;6º e 7º ano;2022;9788582765098;64;135x205;3;104;43582;6.01;261927.82;5
IMLE0000250187P240302000000;10158623000140;EBC SERVIÇOS EDUCACIONAIS LTDA;EBC SERVIÇOS EDUCACIONAIS LTDA;Categoria 2;0187 P24 03 02 000 000;A BAILARINA FANTASMA;A bailarina fantasma;PNLD 2024-2027 - ANOS FINAIS;025;8º e 9º ano;2022;9786589689195;184;135x205;11;240;150335;10.02;1506356.70;7
IMLE0000240363P240301000000;08652668000125;Edelbra Editora Ltda;Edelbra;Categoria 1;0363 P24 03 01 000 000;AS TRÊS FACES DA MOEDA;As três faces da moeda;PNLD 2024-2027 - ANOS FINAIS;024;6º e 7º ano;2022;9786557500446;72;135x205;3;95;44448;6.17;274244.16;1
IMLE0000250362P240302000000;87639761000176;Edelbra Indústria de Livros Ltda;Edelbra;Categoria 2;0362 P24 03 02 000 000;O CASO DOMINÓ;O caso dominó;PNLD 2024-2027 - ANOS FINAIS;025;8º e 9º ano;2022;9786557500477;120;135x205;5;148;37977;9.51;361161.27;7
IMLE0000250476P240302000000;07235888000190;EDIÇÕES BESOUROBOX LTDA;EDIÇÕES BESOUROBOX;Categoria 2;0476 P24 03 02 000 000;RINOCERONTES ALADOS;Rinocerontes alados;PNLD 2024-2027 - ANOS FINAIS;025;8º e 9º ano;2022;9786588737958;144;135x205;8;196;38333;12.41;475712.53;7
IMLE0000240002P240301000000;05699378000149;EDIÇÕES SM LTDA;SM EDUCAÇÃO;Categoria 1;0002 P24 03 01 000 000;HISTÓRIAS GUARDADAS PELO RIO;HISTÓRIAS GUARDADAS PELO RIO;PNLD 2024-2027 - ANOS FINAIS;024;6º e 7º ano;2022;9786557447673;72;135x205;6;102;43919;7.22;317095.18;2
IMLE0000240013P240301000000;04160920000128;EDIOURO GRAFICA E EDITORA PARTICIPACOES S.A ;EDIPAR;Categoria 1;0013 P24 03 01 000 000;A LENDA DO GATO OCULTO E OUTRAS HISTÓRIAS DO LABIRINTO;A lenda do gato oculto e outras histórias do labirinto;PNLD 2024-2027 - ANOS FINAIS;024;6º e 7º ano;2022;9788500508103;64;135x205;4;94;42338;6.77;286628.26;3
IMLE0000250020P240302000000;01183614000119;EDIOURO PUBLICACOES DE LAZER E CULTURA LTDA;Não há;Categoria 2;0020 P24 03 02 000 000;AUTO DE JOÃO DA CRUZ;Auto de João da Cruz;PNLD 2024-2027 - ANOS FINAIS;025;8º e 9º ano;2022;9786558530299;216;135x205;13;290;41586;17.56;730250.16;6
IMLE0000240520P240301000000;01183613000174;EDIOURO PUBLICACOES DE PASSATEMPOS E MULTIMIDIA LTDA;EDIPASS;Categoria 1;0520 P24 03 01 000 000;O PRÍNCIPE FELIZ E OUTROS CONTOS;O Príncipe Feliz e outros contos;PNLD 2024-2027 - ANOS FINAIS;024;6º e 7º ano;2022;9788500508288;128;135x205;8;173;41647;10.82;450620.54;4
IMLE0000250423P240302000000;53523551000104;Editora Aleph Ltda.;EDITORA ALEPH;Categoria 2;0423 P24 03 02 000 000;O HOMEM BICENTENÁRIO;2022;PNLD 2024-2027 - ANOS FINAIS;025;8º e 9º ano;2022;9788576575283;144;135x205;9;180;46143;11.15;514494.45;6
IMLE0000250228P240302000000;32193802000151;Editora Antofagica Ltda;Editora Antofagica;Categoria 2;0228 P24 03 02 000 000;UM CONTO DE NATAL;Um conto de Natal;PNLD 2024-2027 - ANOS FINAIS;025;8º e 9º ano;2022;9786580210107;200;135x205;13;250;42373;18.41;780086.93;10
IMLE0000240533P240301000000;10451910000144;EDITORA ANZOL LTDA;não há;Categoria 1;0533 P24 03 01 000 000;4998 AMIGOS;4998 AMIGOS;PNLD 2024-2027 - ANOS FINAIS;024;6º e 7º ano;2022;9788581980256;40;135x205;3;63;144476;3.60;520113.60;5
IMLE0000250039P240302000000;61259958000196;EDITORA ATICA S/A;;Categoria 2;0039 P24 03 02 000 000;ISSO NINGUÉM ME TIRA;Isso ninguém me tira;PNLD 2024-2027 - ANOS FINAIS;025;8º e 9º ano;2022;9786557675236;128;135x205;6;303;43941;11.45;503124.45;7
IMLE0000250510P240302000000;17423457000101;EDITORA BAOBA LTDA;EDITORA BAOBÁ;Categoria 2;0510 P24 03 02 000 000;ALÉM DA PAREDE MÁGICA – A REVOLTA DOS ALFAIATES;ALÉM DA PAREDE MÁGICA - A REVOLTA DOS ALFAIATES;PNLD 2024-2027 - ANOS FINAIS;025;8º e 9º ano;2022;9786588968253;104;205x275;6;309;44603;12.81;571364.43;8
IMLE0000240080P240301000000;03768135000190;Editora Biruta Ltda;Editora Biruta;Categoria 1;0080 P24 03 01 000 000;FORMIGUEIRO DE MYRAKÃWÉRA;Formigueiro de Myrakãwéra;PNLD 2024-2027 - ANOS FINAIS;024;6º e 7º ano;2022;9786556510484;72;135x205;4;94;47111;6.10;287377.10;1
IMLE0000250099P240302000000;03323583000180;EDITORA CAMPOS LTDA.;Veneta;Categoria 2;0099 P24 03 02 000 000;O DISCURSO DA PANTERA;O discurso da Pantera;PNLD 2024-2027 - ANOS FINAIS;025;8º e 9º ano;2022;9788595711440;128;205x275;8;460;41045;13.67;561085.15;8
IMLE0000240189P240301000000;07427434000111;EDITORA CLARO ENIGMA LTDA;;Categoria 1;0189 P24 03 01 000 000;MALALA: MINHA HISTÓRIA EM DEFESA DOS DIREITOS DAS MENINAS;Malala: Minha história em defesa dos direitos das meninas;PNLD 2024-2027 - ANOS FINAIS;024;6º e 7º ano;2022;9786589870142;216;135x205;12;280;94719;13.57;1285336.83;2
IMLE0000250127P240302000000;39547427000140;Editora Classicos de Ouro Ltda;Não tem ;Categoria 2;0127 P24 03 02 000 000;MOBY DICK;Moby Dick;PNLD 2024-2027 - ANOS FINAIS;025;8º e 9º ano;2022;9786599844201;200;135x205;12;263;47009;15.25;716887.25;6
IMLE0000250134P240302000000;22627999000136;Editora Clássicos para Todos Ltda;Não tem ;Categoria 2;0134 P24 03 02 000 000;ESTE NOSSO PORTUGUÊS: CRÔNICAS SOBRE LÍNGUA, LINGUAGEM E LITERATURA;Este nosso português: crônicas sobre língua, linguagem e literatura;PNLD 2024-2027 - ANOS FINAIS;025;8º e 9º ano;2022;9786584997004;156;135x205;9;215;46627;12.26;571647.02;8
IMLE0000250535P240302000000;50587930000161;Editora de Cultura Ltda;;Categoria 2;0535 P24 03 02 000 000;AS LENDAS DE DANDARA;As Lendas de Dandara;PNLD 2024-2027 - ANOS FINAIS;025;8º e 9º ano;2022;9786557480250;120;205x275;8;305;70726;10.97;775864.22;7
IMLE0000250225P240302000000;21044458000112;Editora Dimensão Ltda;Dimensão;Categoria 2;0225 P24 03 02 000 000;O LIVRO DO AMOR DE JÚLIA E TOMÁS;O livro do amor de Júlia e Tomás;PNLD 2024-2027 - ANOS FINAIS;025;8º e 9º ano;2022;9786586820805;216;135x205;9;305;41637;16.76;697836.12;8
IMLE0000240490P240301000000;00012076000137;Editora DMR LTDA;Editora Livre ;Categoria 1;0490 P24 03 01 000 000;ADOLESCENTE;Adolescente;PNLD 2024-2027 - ANOS FINAIS;024;6º e 7º ano;2022;9786589330219;48;205x275;2;156;242013;5.31;1285089.03;1
IMLE0000250181P240302000000;04864316000182;EDITORA E GRAFICA INDICO LTDA;EDITORA INDICO;Categoria 2;0181 P24 03 02 000 000;CASTRO ALVES, O POETA DA ABOLIÇÃO – UMA BREVE ANTOLOGIA DE POEMAS ABOLICIONISTAS;Castro Alves, o poeta da abolição - Uma breve antologia de poemas abolicionistas;PNLD 2024-2027 - ANOS FINAIS;025;8º e 9º ano;2022;9786584569201;56;205x275;4;127;47067;6.09;286638.03;9
IMLE0000240004P240301000000;29341467000187;EDITORA ESTRELA CULTURAL LTDA;Editora Estrela Cultural;Categoria 1;0004 P24 03 01 000 000;DEU A LOUCA NO MUNDO;Deu a louca no mundo;PNLD 2024-2027 - ANOS FINAIS;024;6º e 7º ano;2022;9786559580859;192;135x205;12;254;45191;16.20;732094.20;3
IMLE0000250201P240302000000;08686863000176;EDITORA FONTANAR LTDA;;Categoria 2;0201 P24 03 02 000 000;O FAZEDOR DE VELHOS;O Fazedor de Velhos;PNLD 2024-2027 - ANOS FINAIS;025;8º e 9º ano;2022;9788556990075;168;135x205;10;220;43141;13.15;567304.15;10
IMLE0000250214P240302000000;30910272000190;EDITORA FORMAR E DISTRIBUIÇÃO LTDA;EDITORA FORMAR E DISTRIBUIÇÃO;Categoria 2;0214 P24 03 02 000 000;O SEGUNDO OLHAR: ANTOLOGIA;O segundo olhar: Antologia;PNLD 2024-2027 - ANOS FINAIS;025;8º e 9º ano;2022;9786589696155;168;135x205;10;220;41066;14.08;578209.28;6
IMLE0000240133P240301000000;10713783000104;Editora Formiga Ltda;Não tem ;Categoria 1;0133 P24 03 01 000 000;A MENINA E O VENTO E OUTRAS PEÇAS;A menina e o vento e outras peças;PNLD 2024-2027 - ANOS FINAIS;024;6º e 7º ano;2022;9786599844102;352;135x205;21;452;41116;27.87;1145902.92;4
IMLE0000250386P240302000000;61186490000157;Editora FTD S.A.;FTD Educação;Categoria 2;0386 P24 03 02 000 000;ASK A FRIEND;Ask a Friend;PNLD 2024-2027 - ANOS FINAIS;025;8º e 9º ano;2022;9788596037259;48;135x205;4;77;46926;5.44;255277.44;8
IMLE0000250541P240302000000;03242250000126;EDITORA GRAFSET LTDA;EDITORA GRAFSET;Categoria 2;0541 P24 03 02 000 000;D.PEDRO II: O IMPERADOR BRASILEIRO;D.PEDRO II: O IMPERADOR BRASILEIRO;PNLD 2024-2027 - ANOS FINAIS;025;8º e 9º ano;2022;9786587883717;248;205x135;15;325;41421;21.96;909605.16;6
IMLE0000240118P240301000000;09161273000192;Editora Grande Apolo Ltda;NÃO TEM ;Categoria 1;0118 P24 03 01 000 000;CAPITÃO FLIRK E O ARTEFATO DOS CINCO ELEMENTOS;Capitão Flirk e o artefato dos cinco elementos;PNLD 2024-2027 - ANOS FINAIS;024;6º e 7º ano;2022;9786599844607;144;135x205;8;200;42562;11.21;477120.02;5
IMLE0000250421P240302000000;38746038000180;Editora Gutenberg Ltda.;Gutenberg;Categoria 2;0421 P24 03 02 000 000;14 – 14, CARTAS MISTERIOSAS: DOIS SÉCULOS, DOIS AMIGOS;14 - 14, Cartas misteriosas: dois séculos, dois amigos;PNLD 2024-2027 - ANOS FINAIS;025;8º e 9º ano;2022;9788582356746;240;135x205;12;301;158759;12.68;2013064.12;6
IMLE0000240055P240301000000;07213926000104;Editora HR Ltda;Editora HR Ltda;Categoria 1;0055 P24 03 01 000 000;MINHAS HISTÓRIAS SÃO SUAS HISTÓRIAS;Minhas histórias são suas histórias;PNLD 2024-2027 - ANOS FINAIS;024;6º e 7º ano;2022;9786589584100;112;135x205;7;156;47327;9.58;453392.66;1
IMLE0000240102P240301000000;58122318000125;Editora Iluminuras LTDA;Iluminuras;Categoria 1;0102 P24 03 01 000 000;MENINA DE PAPEL;Menina de papel;PNLD 2024-2027 - ANOS FINAIS;024;6º e 7º ano;2022;9786555191714;48;275x205;3;200;42028;6.64;279065.92;4
IMLE0000250042P240302000000;14510908000150;Editora Instante LTDA;Editora Instante;Categoria 2;0042 P24 03 02 000 000;FLORADAS NA SERRA;Floradas na Serra;PNLD 2024-2027 - ANOS FINAIS;025;8º e 9º ano;2022;9786587342320;220;135x205;85;250;38032;15.79;600525.28;6
IMLE0000240043P240301000000;20000183000152;EDITORA JOAQUIM LTDA. ;;Categoria 1;0043 P24 03 01 000 000;NINGUÉM SABE O QUE É UM POEMA;Ninguém sabe o que é um poema;PNLD 2024-2027 - ANOS FINAIS;024;6º e 7º ano;2022;9786589606161;80;135x205;4;197;44826;8.28;371159.28;2
IMLE0000250242P240302000000;17243015000183;Editora Lê Ltda;Editora Lê;Categoria 2;0242 P24 03 02 000 000;METAMORFOSES;Metamorfoses;PNLD 2024-2027 - ANOS FINAIS;025;8º e 9º ano;2022;9786586023473;260;135x205;15;325;42394;21.41;907655.54;10
IMLE0000240079P240301000000;05136963000130;EDITORA LENDO E APRENDENDO LTDA.;PIEMONTE LIVROS;Categoria 1;0079 P24 03 01 000 000;QUASE DE VERDADE E OUTROS CONTOS;QUASE DE VERDADE E OUTROS CONTOS;PNLD 2024-2027 - ANOS FINAIS;024;6º e 7º ano;2022;9788562533860;160;135x205;11;219;44197;12.60;556882.20;3
IMLE0000250258P240302000000;22769449000151;Editora Madreperola Ltda;Editora Madrepérola;Categoria 2;0258 P24 03 02 000 000;PORTUGUÊS AMOROSO;Português amoroso;PNLD 2024-2027 - ANOS FINAIS;025;8º e 9º ano;2022;9786587269863;128;135x205;8;160;41649;11.87;494373.63;9
IMLE0000250034P240302000000;01602177000120;Editora Mediação  - Distribuidora e Livraria Ltda.;Editora Mediação;Categoria 2;0034 P24 03 02 000 000;AS CORES DA ESCRAVIDÃO;As cores da escravidão;PNLD 2024-2027 - ANOS FINAIS;025;8º e 9º ano;2022;9786555380460;112;135x205;7;156;115164;6.99;804996.36;6
IMLE0000240124P240301000000;10949127000105;Editora Meu Livro Ltda;NÃO TEM ;Categoria 1;0124 P24 03 01 000 000;A ONÇA DE ASAS E OUTRAS PEÇAS;A Onça de Asas e outras peças;PNLD 2024-2027 - ANOS FINAIS;024;6º e 7º ano;2022;9786599844805;248;135x205;15;323;42754;20.83;890565.82;4
IMLE0000240023P240301000000;62136304000138;Editora Moderna Ltda;Moderna ;Categoria 1;0023 P24 03 01 000 000;OS KARAS: A DROGA DA OBEDIÊNCIA;Os Karas: A droga da obediência;PNLD 2024-2027 - ANOS FINAIS;024;6º e 7º ano;2022;9788516138875;200;135x205;10;236;80482;11.15;897374.30;5
IMLE0000250011P240302000000;24207445000105;EDITORA MOINHOS;EDITORA MOINHOS LTDA;Categoria 2;0011 P24 03 02 000 000;O HOMEM DO OUTDOOR;O HOMEM DO OUTDOOR;PNLD 2024-2027 - ANOS FINAIS;025;8º e 9º ano;2022;9786556810812;128;135x205;8;170;40357;10.84;437469.88;9
IMLE0000250001P240302000000;13369698000169;EDITORA MOITARÁ LTDA;não há;Categoria 2;0001 P24 03 02 000 000;O PULO DA CARPA!;O PULO DA CARPA!;PNLD 2024-2027 - ANOS FINAIS;025;8º e 9º ano;2022;9786589149101;48;205x275;4;149;37589;6.93;260491.77;6
IMLE0000240401P240301000000;23428954000103;EDITORA MORRO BRANCO LTDA.;EDITORA MORRO BRANCO ;Categoria 1;0401 P24 03 01 000 000;O FEITICEIRO DE TERRAMAR;O FEITICEIRO DE TERRAMAR;PNLD 2024-2027 - ANOS FINAIS;024;6º e 7º ano;2022;9786586015652;224;135x205;15;295;45427;17.28;784978.56;1
IMLE0000250468P240302000000;18487012000158;Editora Mundaréu Ltda.;Mundaréu;Categoria 2;0468 P24 03 02 000 000;OBRAS COMPLETAS (E OUTROS CONTOS);Obras completas (e outros contos);PNLD 2024-2027 - ANOS FINAIS;025;8º e 9º ano;2022;9786587955124;120;135x205;8;150;41658;10.23;426161.34;8
IMLE0000250224P240302000000;06368396000100;Editora Mundo Jovem 2004 LTDA;Editora Jovem;Categoria 2;0224 P24 03 02 000 000;NA COR DA PELE;Na cor da pele;PNLD 2024-2027 - ANOS FINAIS;025;8º e 9º ano;2022;9786588334119;104;135x205;7;130;67013;7.94;532083.22;7
IMLE0000250445P240302000000;13811219000112;Editora Nemo Ltda.;Nemo;Categoria 2;0445 P24 03 02 000 000;SONHO DE UMA NOITE DE VERÃO;Sonho de uma noite de verão;PNLD 2024-2027 - ANOS FINAIS;025;8º e 9º ano;2022;9788582865538;72;205x275;4;196;49105;9.04;443909.20;8
IMLE0000240422P240301000000;21795846000135;Editora Nós ;Editora Nós;Categoria 1;0422 P24 03 01 000 000;ZUMBI ASSOMBRA QUEM?;Zumbi assombra quem? - Livro do estudante impresso;PNLD 2024-2027 - ANOS FINAIS;024;6º e 7º ano;2022;9786586135961;100;205x275;5;274;47823;11.11;531313.53;3
IMLE0000250015P240302000000;33324484000183;EDITORA NOVA FRONTEIRA PARTICIPACOES S/A ;Não há;Categoria 2;0015 P24 03 02 000 000;O MARIDO DOMADO E OUTRAS PEÇAS EM UM ATO;O Marido Domado e Outras Peças em Um Ato;PNLD 2024-2027 - ANOS FINAIS;025;8º e 9º ano;2022;9786556405599;144;135x205;8;200;39835;12.01;478418.35;6
IMLE0000240337P240301000000;35516387000118;Editora Novo Céu Ltda;Não tem ;Categoria 1;0337 P24 03 01 000 000;O CALIFA DE BAGDÁ;O califa de Bagdá;PNLD 2024-2027 - ANOS FINAIS;024;6º e 7º ano;2022;9786584786059;64;205x275;4;191;39123;8.69;339978.87;4
IMLE0000240395P240301000000;04946820000121;Editora Original Ltda.;Panda Books;Categoria 1;0395 P24 03 01 000 000;ESQUADRÃO CURIOSO: CAÇADORES DE FAKE NEWS;Esquadrão curioso: caçadores de fake news;PNLD 2024-2027 - ANOS FINAIS;024;6º e 7º ano;2022;9786556972022;120;135x205;7;150;53771;8.84;475335.64;2
IMLE0000240484P240301000000;04375177000123;EDITORA PATRIOTA;TRENA NACIONAL EDITORA LTDA;Categoria 1;0484 P24 03 01 000 000;ANTES DO OUTRO E OUTROS CONTOS;Antes dos outros e outros contos;PNLD 2024-2027 - ANOS FINAIS;024;6º e 7º ano;2022;9786599879203;72;135x205;3;163;43584;6.16;268477.44;3
IMLE0000250261P240302000000;12832932000180;Editora Patuá LTDA;;Categoria 2;0261 P24 03 02 000 000;A CIDADE QUE ENCOLHE;A cidade que encolhe;PNLD 2024-2027 - ANOS FINAIS;025;8º e 9º ano;2022;9786558643548;128;135x205;7;297;89982;8.72;784643.04;9
IMLE0000250149P240302000000;33451279000189;Editora Paz e Terra Ltda ;Editora Paz e Terra;Categoria 2;0149 P24 03 02 000 000;O GATO SOLTEIRO E OUTROS BICHOS;O GATO SOLTEIRO E OUTROS BICHOS;PNLD 2024-2027 - ANOS FINAIS;025;8º e 9º ano;2022;9786555480658;304;135x205;19;428;38255;24.48;936482.40;7
IMLE0000250213P240302000000;17629943000180;EDITORA PEQUENA ZAHAR LTDA;;Categoria 2;0213 P24 03 02 000 000;O MENINO DO PIJAMA LISTRADO;O menino do pijama listrado;PNLD 2024-2027 - ANOS FINAIS;025;8º e 9º ano;2022;9786588899458;208;135x205;12;270;98436;13.08;1287542.88;10
IMLE0000250186P240302000000;61545984000180;EDITORA PERSPECTIVA LTDA;EDITORA PERSPECTIVA;Categoria 2;0186 P24 03 02 000 000;PETER PAN;Peter Pan;PNLD 2024-2027 - ANOS FINAIS;025;8º e 9º ano;2022;9786555051186;96;135x205;4;113;41776;8.31;347158.56;10
IMLE0000240137P240301000000;34007487000156;Editora Pica-Pau Ltda;Não tem;Categoria 1;0137 P24 03 01 000 000;ZOIUDO: O MONSTRINHO QUE BEBIA COLÍRIO;Zoiudo: o monstrinho que bebia colírio;PNLD 2024-2027 - ANOS FINAIS;024;6º e 7º ano;2022;9786584996007;96;135x205;6;181;40045;9.36;374821.20;4
IMLE0000240332P240301000000;23507975000106;Editora Picolé Ltda;Não tem ;Categoria 1;0332 P24 03 01 000 000;POESIA MATEMÁTICA;Poesia matemática;PNLD 2024-2027 - ANOS FINAIS;024;6º e 7º ano;2022;9786584994003;48;205x275;3;150;42464;7.28;309137.92;5
IMLE0000250045P240302000000;19962101000171;EDITORA PIGMENTO LTDA;;Categoria 2;0045 P24 03 02 000 000;A ESCRAVA ISAURA;A escrava Isaura;PNLD 2024-2027 - ANOS FINAIS;025;8º e 9º ano;2022;9786589607168;80;205x275;4;197;137908;5.97;823310.76;9
IMLE0000250199P240302000000;15604673000128;Editora Piseagrama LTDA;Piseagrama;Categoria 2;0199 P24 03 02 000 000;CANTOS DOS ANIMAIS PRIMORDIAIS: HISTÓRIAS CONTADAS PELO MESTRE KAIOWÁ ATANÁSIO TEIXEIRA;Cantos dos animais primordiais: Histórias contadas pelo mestre kaiowá Atanásio Teixeira;PNLD 2024-2027 - ANOS FINAIS;025;8º e 9º ano;2022;9786589833079;112;135x205;5;212;41652;9.70;404024.40;10
IMLE0000250175P240302000000;24363832000130;EDITORA PIU LTDA;Editora Piu;Categoria 2;0175 P24 03 02 000 000;FANTASMAGORIA & PRIMEIROS POEMAS DE LEWIS CARROLL;Fantasmagoria & Primeiros Poemas de Lewis Carroll;PNLD 2024-2027 - ANOS FINAIS;025;8º e 9º ano;2022;9786589241188;128;135x205;790;170;39917;11.59;462638.03;10
IMLE0000250074P240302000000;35414225000179;Editora Praxis Ltda;Editora Praxis;Categoria 2;0074 P24 03 02 000 000;SONHO DE UMA NOITE DE VERÃO;Sonho de Uma Noite de Verão;PNLD 2024-2027 - ANOS FINAIS;025;8º e 9º ano;2022;9786589980681;120;135x205;6;143;43368;10.54;457098.72;6
IMLE0000250172P240302000000;94602547000100;EDITORA PROJETO LTDA;Projeto Editora;Categoria 2;0172 P24 03 02 000 000;SUPER - O DESAFIO DIGITAL;Super - O desafio digital;PNLD 2024-2027 - ANOS FINAIS;025;8º e 9º ano;2022;9786587299259;224;135x205;10;266;43313;15.13;655325.69;9
IMLE0000250044P240302000000;13750874000108;Editora Pulo do Gato LTDA;Editora Pulo do Gato ;Categoria 2;0044 P24 03 02 000 000;OBRIGADO;Obrigado;PNLD 2024-2027 - ANOS FINAIS;025;8º e 9º ano;2022;9786587704142;64;205x275;4;195;39126;9.59;375218.34;7
IMLE0000250174P240302000000;07115047000140;Editora Record Ltda;Editora Record;Categoria 2;0174 P24 03 02 000 000;QUEM MATOU O LIVRO POLICIAL?;QUEM MATOU O LIVRO POLICIAL?;PNLD 2024-2027 - ANOS FINAIS;025;8º e 9º ano;2022;9786555875942;176;135x205;11;248;40975;14.66;600693.50;9
IMLE0000240104P240301000000;29146112000137;Editora Refugio das Letras Ltda;NÃO TEM ;Categoria 1;0104 P24 03 01 000 000;ALEXANDRE E O BINÓCULO;Alexandre e o binóculo;PNLD 2024-2027 - ANOS FINAIS;024;6º e 7º ano;2022;9786599844508;88;135x205;5;123;39560;9.15;361974.00;5
IMLE0000250198P240302000000;15406723000162;EDITORA REVIRAVOLTA LTDA;REVIRAVOLTA;Categoria 2;0198 P24 03 02 000 000;HEROÍNAS NEGRAS BRASILEIRAS EM 15 CORDÉIS;Heroínas negras brasileiras em 15 cordéis;PNLD 2024-2027 - ANOS FINAIS;025;8º e 9º ano;2022;9786588893319;184;135x205;11;340;74015;12.19;902242.85;8
IMLE0000240092P240301000000;42444703000159;EDITORA ROCCO LTDA.;;Categoria 1;0092 P24 03 01 000 000;AS ANDANÇAS DO TIÃO JALAPÃO PELO SERTÃO DO TOCANTINS;AS ANDANÇAS DO TIÃO JALAPÃO PELO SERTÃO DO TOCANTINS;PNLD 2024-2027 - ANOS FINAIS;024;6º e 7º ano;2021;9786555321661;144;135x205;10;199;45653;11.48;524096.44;1
IMLE0000240005P240301000000;15694114000156;EDITORA RODOPIO LTDA;não há;Categoria 1;0005 P24 03 01 000 000;O COMETA É UM SOL QUE NÃO DEU CERTO;O COMETA É UM SOL QUE NÃO DEU CERTO;PNLD 2024-2027 - ANOS FINAIS;024;6º e 7º ano;2022;9786589152101;112;135x205;8;151;42565;8.92;379679.80;2
IMLE0000240211P240301000000;55789390000112;EDITORA SCHWARCZ S/A;;Categoria 1;0211 P24 03 01 000 000;NÓS: UMA ANTOLOGIA DE LITERATURA INDÍGENA;Nós: Uma antologia de literatura indígena;PNLD 2024-2027 - ANOS FINAIS;024;6º e 7º ano;2022;9786559211494;152;135x205;9;200;48193;12.33;594219.69;3
IMLE0000240061P240301000000;44127355000111;EDITORA SCIPIONE S.A.;;Categoria 1;0061 P24 03 01 000 000;PROCURA-SE UM PLANETA SUSTENTÁVEL;Procura-se um planeta sustentável;PNLD 2024-2027 - ANOS FINAIS;024;6º e 7º ano;2022;9786557632659;144;135x205;7;337;47404;12.54;594446.16;4
IMLE0000250248P240302000000;03729326000142;EDITORA SESANA;SHIRLEY CRISTIANE SESANA;Categoria 2;0248 P24 03 02 000 000;A BIBLIOTECA DA MINHA AVÓ;A biblioteca da minha avó;PNLD 2024-2027 - ANOS FINAIS;025;8º e 9º ano;2022;9786599849404;240;135x205;15;299;133302;13.16;1754254.32;10
IMLE0000250008P240302000000;15471730000148;EDITORA TIMBÓ LTDA;não há;Categoria 2;0008 P24 03 02 000 000;A CATALOGADORA DE IDOSOS;A CATALOGADORA DE IDOSOS;PNLD 2024-2027 - ANOS FINAIS;025;8º e 9º ano;2022;9786589150107;104;135x205;8;142;80447;7.08;569564.76;10
IMLE0000240060P240301000000;19962104000105;EDITORA TODAS AS LETRAS LTDA.;;Categoria 1;0060 P24 03 01 000 000;A FLAUTA MÁGICA ;A flauta mágica ;PNLD 2024-2027 - ANOS FINAIS;024;6º e 7º ano;2022;9786589608165;48;205x275;2;138;61366;5.23;320944.18;1
IMLE0000240450P240301000000;30220501000144;Editora Vestígio Ltda.;Vestígio;Categoria 1;0450 P24 03 01 000 000;GIOCONDA;Gioconda;PNLD 2024-2027 - ANOS FINAIS;024;6º e 7º ano;2022;9786586551877;120;205x275;6;321;44007;14.44;635461.08;2
IMLE0000240355P240301000000;10621108000155;Editora Via Láctea Ltda.;Via Láctea;Categoria 1;0355 P24 03 01 000 000;ROBINSON CRUSOÉ;Robinson Crusoé - Livro do estudante impresso;PNLD 2024-2027 - ANOS FINAIS;024;6º e 7º ano;2022;9786584614086;64;205x275;4;159;42194;8.09;341349.46;3
IMLE0000240302P240301000000;14307890000193;EDITORA VOLTA-E-MEIA LTDA;Editora Volta-e-Meia;Categoria 1;0302 P24 03 01 000 000;CONTOS DE MUITOS CANTOS;Contos de muitos cantos;PNLD 2024-2027 - ANOS FINAIS;024;6º e 7º ano;2022;9786589427216;144;135x205;7;165;42058;12.00;504696.00;5
IMLE0000240322P240301000000;35417262000130;Editora Wisdom Ltda ;Editora Wisdom;Categoria 1;0322 P24 03 01 000 000;ALADIM E A LÂMPADA MARAVILHOSA;Aladim e a Lâmpada Maravilhosa;PNLD 2024-2027 - ANOS FINAIS;024;6º e 7º ano;2022;9786584815476;72;205x275;4;176;47724;7.35;350771.40;4
IMLE0000250454P240302000000;08463170000114;Editora WMF Martins Fontes Ltda;Editora WMF Martins Fontes;Categoria 2;0454 P24 03 02 000 000;KRABAT;Krabat;PNLD 2024-2027 - ANOS FINAIS;025;8º e 9º ano;2022;9788546903696;288;135x205;17;450;40192;23.24;934062.08;9
IMLE0000240338P240301000000;29092828000107;EDITORIAL PORTAL LTDA;GRUPO EDITORIAL PORTAL;Categoria 1;0338 P24 03 01 000 000;INIMIGO VIRTUAL;Inimigo Virtual;PNLD 2024-2027 - ANOS FINAIS;024;6º e 7º ano;2022;9788554251253;128;135x205;7;170;73000;8.51;621230.00;1
IMLE0000240096P240301000000;35288052000190;EdLab Press Editora LTDA;EdLab Press;Categoria 1;0096 P24 03 01 000 000;MINUANO E A PENA;Minuano e a pena;PNLD 2024-2027 - ANOS FINAIS;024;6º e 7º ano;2022;9786589829119;40;275x205;2;101;38592;6.43;248146.56;5
IMLE0000240065P240301000000;27796399000115;Eligis Tecnologia e Inovacao Ltda;;Categoria 1;0065 P24 03 01 000 000;O LAGO DO SILÊNCIO;O lago do silêncio;PNLD 2024-2027 - ANOS FINAIS;024;6º e 7º ano;2022;9786585004008;88;135x205;4;214;44336;7.36;326312.96;2
IMLE0000240288P240301000000;17463963000124;Empresa Brasileira de Sistemas de Ensino Ltda. ;BR Educação;Categoria 1;0288 P24 03 01 000 000;O PEQUENO PRÍNCIPE;O Pequeno Príncipe;PNLD 2024-2027 - ANOS FINAIS;024;6º e 7º ano;2022;9788566811490;160;135x205;10;215;81040;11.91;965186.40;3
IMLE0000240485P240301000000;05662397000109;ENTREPALAVRAS PRODUCAO DE TEXTOS LTDA;;Categoria 1;0485 P24 03 01 000 000;A FANTÁSTICA VIAGEM DO PEQUENO CIDADÃO;A fantástica viagem do pequeno cidadão;PNLD 2024-2027 - ANOS FINAIS;024;6º e 7º ano;2022;9786589643180;112;205x275;750;328;47887;12.95;620136.65;5
IMLE0000240249P240301000000;03638463000171;Escala Empresa de Comunicação Integrada Ltda ;;Categoria 1;0249 P24 03 01 000 000;A ILHA DO TESOURO;A Ilha do Tesouro;PNLD 2024-2027 - ANOS FINAIS;024;6º e 7º ano;2022;9788563278623;72;205x275;4;176;77141;6.41;494473.81;1
IMLE0000240257P240301000000;61069100000169;Eskenazi;Eskenazi Indústria Gráfica Ltda.;Categoria 1;0257 P24 03 01 000 000;SETE CONTOS QUE NUNCA ME CONTARAM: CONTOS DE FADAS PENSADOS, OUVIDOS, ESCRITOS E RECONTADOS POR MULHERES;Sete contos que nunca me contaram: contos de fadas pensados, ouvidos, escritos e recontados por mulheres;PNLD 2024-2027 - ANOS FINAIS;024;6º e 7º ano;2022;9786599835124;152;135x205;9;203;45313;13.19;597678.47;4
IMLE0000240319P240301000000;19612428000113;Estudio Água Editora Ltda;Estudio Água;Categoria 1;0319 P24 03 01 000 000;O PRÍNCIPE MOURO E O PEIXE DE OURO;O Príncipe Mouro e o peixe de ouro - Livro do aluno;PNLD 2024-2027 - ANOS FINAIS;024;6º e 7º ano;2022;9786599087400;52;205x275;150;122;40489;6.40;259129.60;2
IMLE0000240351P240301000000;31772618000101;FABIO MENEZES SANTOS;CORAL EDICOES;Categoria 1;0351 P24 03 01 000 000;MEDO ESTRANHO, ANTÍDOTO ESQUISITO;Medo estranho, antídoto esquisito - Livro do estudante;PNLD 2024-2027 - ANOS FINAIS;024;6º e 7º ano;2022;9786599883613;96;205x275;37;219;40360;10.46;422165.60;3
IMLE0000250180P240302000000;19824331000174;Falare Editora Tecnologia da Comunicação Comércio de Serviços e Produtos Ltda.;Falare Editora e Tecnologia da Comunicação;Categoria 2;0180 P24 03 02 000 000;A TURMA DO QUIMERA;Livro literário impresso;PNLD 2024-2027 - ANOS FINAIS;025;8º e 9º ano;2022;9786584727038;124;205x275;6;310;40491;15.36;621941.76;9
IMLE0000240555P240301000000;02632558000115;FBF Cultural Ltda;EVOLUIR;Categoria 1;0555 P24 03 01 000 000;A DURA VIDA DE MARIA MOLLE;A dura vida de Maria Molle;PNLD 2024-2027 - ANOS FINAIS;024;6º e 7º ano;2022;9788581422091;80;135x205;8;250;105517;5.92;624660.64;1
IMLE0000250524P240302000000;34595923000155;FENIX TECNOLOGIAS EDUCACIONAIS LTDA;FENIX TECNOLOGIAS EDUCACIONAIS;Categoria 2;0524 P24 03 02 000 000;O GUARDIÃO DOS MITOS;O guardião dos mitos ;PNLD 2024-2027 - ANOS FINAIS;025;8º e 9º ano;2022;9786584575165;164;135x205;188;7;40249;13.50;543361.50;9
IMLE0000240234P240301000000;28221867000196;FERNANDA MARTINS DE SOUZA EMEDIATO PRODUCAO;Troinha;Categoria 1;0234 P24 03 01 000 000;A FANTÁSTICA HISTÓRIA DE HISTÓRIAS FANTÁSTICAS;A fantástica história de histórias fantástica;PNLD 2024-2027 - ANOS FINAIS;024;6º e 7º ano;2022;9786585096010;64;205x275;4;145;80010;5.92;473659.20;3
IMLE0000250389P240302000000;19241026000150;Fernandes & Warth editora e distribuidora Ltda.;Pallas Míni;Categoria 2;0389 P24 03 02 000 000; ESCONJURO! - A CORDA E O CORDEL NA REVOLTA DOS ALFAIATES;Esconjuro! - A corda e o cordel na revolta dos alfaiates;PNLD 2024-2027 - ANOS FINAIS;025;8º e 9º ano;2022;9786586983234;100;135x205;7;125;40596;8.79;356838.84;10
IMLE0000250295P240302000000;06326033000102;FOLIA DE LETRAS EDITORA E SERVIÇOS EDITORIAIS LTDA;EDITORA FOLIA DE LETRAS;Categoria 2;0295 P24 03 02 000 000;OS MENINOS DA RUA PAULO EM CORDEL;OS MENINOS DA RUA PAULO EM CORDEL;PNLD 2024-2027 - ANOS FINAIS;025;8º e 9º ano;2022;9788565845403;104;205x275;5;252;41773;10.72;447806.56;9
IMLE0000250236P240302000000;64048200000105;Franciosi & Malta;Franciosi & Malta Produção Gráfica Ltda.;Categoria 2;0236 P24 03 02 000 000;A PEDRA DO MEIO-DIA OU ARTUR E ISADORA;A Pedra do Meio-Dia ou Artur e Isadora;PNLD 2024-2027 - ANOS FINAIS;025;8º e 9º ano;2022;9786599867606;92;135x205;7;123;38709;8.27;320123.43;7
IMLE0000250082P240302000000;33641663003674;FUNDAÇÃO GETULIO VARGAS;FGV EDITORA;Categoria 2;0082 P24 03 02 000 000;TINHA UM LIVRO NO MEIO DO CAMINHO;TINHA UM LIVRO NO MEIO DO CAMINHO;PNLD 2024-2027 - ANOS FINAIS;025;8º e 9º ano;2022;9786556521596;88;135x205;7;124;41449;8.69;360191.81;9
IMLE0000240106P240301000000;11950395000100;Galeria Saber e Ler Comercio de Livros Ltda;Galeria Saber e Ler;Categoria 1;0106 P24 03 01 000 000;A PIOR SEMANA DE TODAS: SEGUNDA;A pior semana de todas: segunda;PNLD 2024-2027 - ANOS FINAIS;024;6º e 7º ano;2022;9788554131135;200;135x205;13;265;50810;14.56;739793.60;2
IMLE0000240466P240301000000;08087891000177;Gamma Comércio e Edição De Livros Ltda;Livros e Revistas Cajamar;Categoria 1;0466 P24 03 01 000 000;ROBIN HOOD;Robin Hood;PNLD 2024-2027 - ANOS FINAIS;024;6º e 7º ano;2022;9786599753275;80;135x205;4;110;44727;7.24;323823.48;3
IMLE0000250498P240302000000;03588447000111;GARCIA E GARCIA PRODUCOES LTDA;Editora Navegare;Categoria 2;0498 P24 03 02 000 000;DRAGÃO;Dragão;PNLD 2024-2027 - ANOS FINAIS;025;8º e 9º ano;2022;9786599645327;48;205x275;3;200;40036;6.94;277849.84;6
IMLE0000240376P240301000000;11454313000136;GARGANO PLANEJAMENTO EDITORIAL LTDA;Editora Gargano;Categoria 1;0376 P24 03 01 000 000;DE FÉRIAS COM O PERIGO!;De férias com o perigo!;PNLD 2024-2027 - ANOS FINAIS;024;6º e 7º ano;2022;9786599869709;136;135x205;8;151;43604;11.04;481388.16;4
IMLE0000250255P240302000000;35457072000147;GENERAL;;Categoria 2;0255 P24 03 02 000 000;A SAGA DE BEOWULF EM CORDEL;A saga de Beowulf em cordel;PNLD 2024-2027 - ANOS FINAIS;025;8º e 9º ano;2022;9786599850110;64;205x275;4;145;43455;7.19;312441.45;10
IMLE0000240318P240301000000;13739363000195;GEODO PRODUCOES LITERARIAS LTDA;Editorar Edições;Categoria 1;0318 P24 03 01 000 000;PÁLPEBRAS NAS ORELHAS;Pálpebras nas orelhas;PNLD 2024-2027 - ANOS FINAIS;024;6º e 7º ano;2022;9786599071522;104;135x205;6;116;44608;8.18;364893.44;1
IMLE0000250230P240302000000;11957823000126;GILCE VELASCO EDITORA;Faz História;Categoria 2;0230 P24 03 02 000 000;"DE LENDA EM LENDA, CRUZANDO FRONTEIRAS: MITOS E LENDAS DOS POVOS DO MUNDO	";De lenda em lenda, cruzando fronteiras: Mitos e lendas dos povos do mundo;PNLD 2024-2027 - ANOS FINAIS;025;8º e 9º ano;2022;9786599183065;160;135x205;10;200;44636;14.23;635170.28;7
IMLE0000240477P240301000000;00845926000188;Girassol Brasil Edições Ltda.;Editora Girassol;Categoria 1;0477 P24 03 01 000 000;ÁFRICA: CONTOS DO RIO, DA SELVA E DA SAVANA;África: contos do rio, da selva e da savana;PNLD 2024-2027 - ANOS FINAIS;024;6º e 7º ano;2022;9786555304084;72;205x275;4;190;90376;6.45;582925.20;4
IMLE0000250383P240302000000;89840797000149;Gráfica e Editora Comunicação Impressa LTDA;Comunicação Impressa;Categoria 2;0383 P24 03 02 000 000;QUATRO (4UATRO);Quatro (4uatro);PNLD 2024-2027 - ANOS FINAIS;025;8º e 9º ano;2022;9786599878619;124;135x205;8;155;39870;11.58;461694.60;10
IMLE0000240265P240301000000;06285370000107;GRAFICA OCEANO LTDA;Gráfica Oceano;Categoria 1;0265 P24 03 01 000 000;O JARDIM SECRETO;O Jardim Secreto;PNLD 2024-2027 - ANOS FINAIS;024;6º e 7º ano;2022;9786584651210;72;205x275;4;176;47163;7.77;366456.51;3
IMLE0000250402P240302000000;04696300000108;Guia dos Curiosos Comunicações Ltda.;Guia dos Curiosos Comunicações;Categoria 2;0402 P24 03 02 000 000;TINHA QUE SER COMIGO?;Tinha que ser comigo?;PNLD 2024-2027 - ANOS FINAIS;025;8º e 9º ano;2022;9786588514214;120;135x205;7;150;48447;9.52;461215.44;9
IMLE0000240413P240301000000;33967775000190;Gutenberg Distribuidora de Livros Ltda.;Yellowfante;Categoria 1;0413 P24 03 01 000 000;O CANTO DAS SEREIAS: DOIS BRASILEIROS NA GRÉCIA ANTIGA;O canto das sereias: dois brasileiros na Grécia Antiga;PNLD 2024-2027 - ANOS FINAIS;024;6º e 7º ano;2022;9786584689329;160;135x205;8;199;40307;15.12;609441.84;5
IMLE0000250054P240302000000;22016633000120;HarperCollins Brasil Holdings Participações Societárias Ltda;HarperCollins Brasil Holdings Participações Societárias Ltda.;Categoria 2;0054 P24 03 02 000 000;CORDIALMENTE CRUEL;Cordialmente Cruel;PNLD 2024-2027 - ANOS FINAIS;025;8º e 9º ano;2022;9786589583127;336;135x205;20;439;45376;24.89;1129408.64;8
IMLE0000240217P240301000000;06222005000145;HSF COMERCIAL LTDA;LOGOS COMERCIAL;Categoria 1;0217 P24 03 01 000 000;SUPER-ULISSES; Super-Ulisses;PNLD 2024-2027 - ANOS FINAIS;024;6º e 7º ano;2022;9786584605091;144;135x205;9;190;44222;11.18;494401.96;1
IMLE0000250268P240302000000;61016028000101;IBEP - INSTITUTO BRASILEIRO DE EDICOES PEDAGOGICAS LTDA;Editora IBEP;Categoria 2;0268 P24 03 02 000 000;BAGDÁ, O SKATISTA;Bagdá, o skatista;PNLD 2024-2027 - ANOS FINAIS;025;8º e 9º ano;2022;9786556963211;216;135x205;13;245;42574;17.75;755688.50;8
IMLE0000250378P240302000000;04774358000122;Inovacao Distribuidora de Livros Ltda.;Inovacao Distribuidora de Livros Ltda.;Categoria 2;0378 P24 03 02 000 000;DORAMAR OU A ODISSEIA: HISTÓRIAS;Doramar ou a odisseia: histórias;PNLD 2024-2027 - ANOS FINAIS;025;8º e 9º ano;2022;9786599855924;176;205x135;10;234;42749;13.27;567279.23;10
IMLE0000240366P240301000000;06987053000124;Inverso Comunicação e Marketing Ltda.;Editora Inverso;Categoria 1;0366 P24 03 01 000 000;A MENINA QUE SABE CHOVER;A menina que sabe chover;PNLD 2024-2027 - ANOS FINAIS;024;6º e 7º ano;2022;9788555402753;64;205x275;4;145;45441;6.77;307635.57;5
IMLE0000250294P240302000000;19173602000179;JAF;;Categoria 2;0294 P24 03 02 000 000;O CASTELO ENCANTADO;O Castelo Encantado;PNLD 2024-2027 - ANOS FINAIS;025;8º e 9º ano;2022;9786599859113;264;135x205;17;329;40391;21.48;867598.68;6
IMLE0000240254P240301000000;04469280000132;JG EDITORA, ARTIGOS ESCOLARES E UNIFORMES LTDA;JG EDITORA;Categoria 1;0254 P24 03 01 000 000;A GAROTA DOS SONHOS DE VIDRO;A Garota dos Sonhos de Vidro;PNLD 2024-2027 - ANOS FINAIS;024;6º e 7º ano;2022;9786599426780;180;135x205;12;233;57242;13.96;799098.32;3
IMLE0000240427P240301000000;32744366000161;JS Sports Trainning Atividades Esportivas Ltda;Editora Gol de Letra;Categoria 1;0427 P24 03 01 000 000;NO TEMPO DOS ENCANTOS: CONTOS DA TRADIÇÃO ORAL BRASILEIRA;No tempo dos encantos: contos da tradição oral brasileira;PNLD 2024-2027 - ANOS FINAIS;024;6º e 7º ano;2022;9786599850806;144;205x275;7;325;44975;12.80;575680.00;2
IMLE0000240448P240301000000;26531703000130;JTW CONSULTORIA;MARCELO SILVA BORGES DE ANDRADE 06584150690;Categoria 1;0448 P24 03 01 000 000;POR UM TRIZ - POEMINHAS E MELODIAS;Por um triz: poeminhas e melodias;PNLD 2024-2027 - ANOS FINAIS;024;6º e 7º ano;2022;9786599871702;92;135x205;6;135;39648;9.36;371105.28;4
IMLE0000250499P240302000000;29981003000135;JULIANE ENGELHARDT SOUTO 00607537906;Casa Passarinho;Categoria 2;0499 P24 03 02 000 000;DE FORA PRA DENTRO, DE DENTRO PRA FORA;De fora pra dentro, de dentro pra fora;PNLD 2024-2027 - ANOS FINAIS;025;8º e 9º ano;2022;9786599462924;152;205x135;9;169;44286;11.62;514603.32;9
IMLE0000250486P240302000000;00802921000178;K. G. Pansa Editorial Ltda;Amora Editorial;Categoria 2;0486 P24 03 02 000 000;A ORIGEM DOS FILHOS DO ESTRONDO DO TROVÃO;A origem dos filhos do estrondo do trovão;PNLD 2024-2027 - ANOS FINAIS;025;8º e 9º ano;2022;9786588430095;44;135x205;2;65;44029;5.46;240398.34;7
IMLE0000250393P240302000000;10993946000150;Kroll, Tudrey & Yacubian LTDA ;Balão Editorial;Categoria 2;0393 P24 03 02 000 000;UM SÉCULO DE LITERATURA (1833-1922): CONTOS CURIOSOS DE GRANDES NOMES DA LITERATURA UNIVERSAL;Um século de literatura (1833-1922): contos curiosos de grandes nomes da literatura universal;PNLD 2024-2027 - ANOS FINAIS;025;8º e 9º ano;2022;9786586159387;160;135x205;10;190;43522;13.65;594075.30;10
IMLE0000240458P240301000000;20513288000105;L.A.G. NEIRA  ;L.A.G. NEIRA;Categoria 1;0458 P24 03 01 000 000;MOZART E A ORAGNIA FIGATA FA - UMA PEÇA MUSICAL;Mozart e a Oragnia figata fa - uma peça musical;PNLD 2024-2027 - ANOS FINAIS;024;6º e 7º ano;2022;9786584622111;80;135x205;4;107;38952;7.30;284349.60;5
IMLE0000250511P240302000000;30958611000108;LE CHAT DESIGN UNIPESSOAL LTDA;LE CHAT DESIGN;Categoria 2;0511 P24 03 02 000 000;ROMANCE?HQ! 1984 DE GEORGE ORWELL;Romance?HQ! 1984 de George Orwell;PNLD 2024-2027 - ANOS FINAIS;025;8º e 9º ano;2022;9786584687042;144;205x275;6;353;49604;11.33;562013.32;10
IMLE0000240429P240301000000;31253792000130;LETRA E IMAGEM EDITORA E PRODUÇÕES LTDA;LETRA E IMAGEM EDITORA E PRODUÇÕES LTDA;Categoria 1;0429 P24 03 01 000 000;Ê, BOI;Ê, boi;PNLD 2024-2027 - ANOS FINAIS;024;6º e 7º ano;2022;9786587619156;32;205x275;2;109;45144;3.54;159809.76;1
IMLE0000240391P240301000000;11574034000106;Livraria La Fontaine Ltda;La Fontaine ;Categoria 1;0391 P24 03 01 000 000;OS HERDEIROS DA TERRA DO GELO;Os Herdeiros da Terra do Gelo;PNLD 2024-2027 - ANOS FINAIS;024;6º e 7º ano;2022;9786589734246;224;135x205;12;255;43938;18.40;808459.20;1
IMLE0000250462P240302000000;43641133000150;LIVRARIA MARTINS FONTES EDITORA LTDA;LIVRARIA MARTINS FONTES EDITORA;Categoria 2;0462 P24 03 02 000 000;A VIDA NA PORTA DA GELADEIRA;A vida na porta da geladeira;PNLD 2024-2027 - ANOS FINAIS;025;8º e 9º ano;2022;9788580633993;256;135x205;15;400;49367;18.17;896998.39;6
IMLE0000240543P240301000000;14128345000130;Livros Ilimitados Editora e Assessoria Ltda.;Livros Ilimitados;Categoria 1;0543 P24 03 01 000 000;MEMÓRIAS DE PEDRO: O ÚLTIMO IMPERADOR DO BRASIL;Memórias de Pedro, o último imperador do Brasil;PNLD 2024-2027 - ANOS FINAIS;024;6º e 7º ano;2022;9786587041520;48;135x205;3;100;45263;5.11;231293.93;2
IMLE0000240428P240301000000;17192199000108;LRV EDITORA LTDA;LIVROS DA RAPOSA VERMELHA;Categoria 1;0428 P24 03 01 000 000;OS SONHOS DE HELENA;Os sonhos de Helena;PNLD 2024-2027 - ANOS FINAIS;024;6º e 7º ano;2022;9786586563207;80;135x205;5;150;42446;8.43;357819.78;3
IMLE0000250563P240302000000;12826588000116;M VERAS DISTRIBUIDORA DE LIVROS DIDATICOS;M VERAS DISTRIBUIDORA DE LIVROS DIDATICOS EIRELI;Categoria 2;0563 P24 03 02 000 000;ME CHAMO ARIANO;ME CHAMO ARIANO;PNLD 2024-2027 - ANOS FINAIS;025;8º e 9º ano;2022;9786599565083;104;205x275;7;297;45206;12.79;578184.74;6
IMLE0000250469P240302000000;18163837000117;M10 EDITORIAL UNIPESSOAL LTDA;SET EDUCACIONAL;Categoria 2;0469 P24 03 02 000 000;MEU PAI É O REI DO CONGO;Meu pai é o rei do Congo;PNLD 2024-2027 - ANOS FINAIS;025;8º e 9º ano;2022;9786588814253;184;135x205;14;250;41732;14.77;616381.64;7
IMLE0000250347P240302000000;74479577000164;MACMILLAN DO BRASIL EDITORA, COMERCIALIZADORA, IMPORTADORA E DISTRIBUIDORA LTDA.;MACMILLAN DO BRASIL EDITORA;Categoria 2;0347 P24 03 02 000 000;THE PRINCE AND THE PAUPER;The Prince and the Pauper;PNLD 2024-2027 - ANOS FINAIS;025;8º e 9º ano;2022;9786557522080;80;135x205;5;95;40913;7.82;319939.66;9
IMLE0000250585P240302000000;18492922000129;MARIA EMILIA PALHA FARIA ***.234.756-**;Francesinha Editora;Categoria 2;0585 P24 03 02 000 000;CONTOS ENCANTADOS DO BRASIL;Contos encantados do Brasil;PNLD 2024-2027 - ANOS FINAIS;025;8º e 9º ano;2022;9788567888040;160;135x205;10;199;62608;10.68;668653.44;8
IMLE0000250478P240302000000;26160135000108;Mazza Edições Ltda;Mazza Edições;Categoria 2;0478 P24 03 02 000 000;FLORES AO MAR;Flores ao mar;PNLD 2024-2027 - ANOS FINAIS;025;8º e 9º ano;2022;9786557490525;200;135x205;12;265;39903;16.44;656005.32;7
IMLE0000240311P240301000000;60730108000161;MELHORAMENTOS DE SÃO PAULO LIVRARIAS LIMITADA;LIVROLUZ;Categoria 1;0311 P24 03 01 000 000;A JORNADA HEROICA DE MARIA;A JORNADA HEROICA DE MARIA;PNLD 2024-2027 - ANOS FINAIS;024;6º e 7º ano;2022;9786588541159;88;135x205;5;124;43815;7.82;342633.30;4
IMLE0000250150P240302000000;19862436000118;MELHORAMENTOS MANGUINHOS LTDA;MANGUINHOS ;Categoria 2;0150 P24 03 02 000 000;DIÁRIO DE UM AMNÉSICO;DIÁRIO DE UM AMNÉSICO;PNLD 2024-2027 - ANOS FINAIS;025;8º e 9º ano;2022;9786599688409;208;135x205;12;273;40746;17.33;706128.18;10
IMLE0000240329P240301000000;11192669000149;MGE Distribuidora de Livros Ltda; A PAGINA DISTRIBUIDORA DE LIVROS;Categoria 1;0329 P24 03 01 000 000;INDEZ;Indez;PNLD 2024-2027 - ANOS FINAIS;024;6º e 7º ano;2022;9788554166144;120;135x205;4;120;39874;10.26;409107.24;5
IMLE0000240306P240301000000;29933367000140;MINERVA PRODUCAO DE CONTEUDOS E SERVICOS LTDA;Legal4U;Categoria 1;0306 P24 03 01 000 000;O JARDIM SECRETO;O jardim secreto;PNLD 2024-2027 - ANOS FINAIS;024;6º e 7º ano;2022;9786599865022;248;135x205;16;309;51056;17.62;899606.72;4
IMLE0000250544P240302000000;17283711000113;MITO ENGENHARIA DE TRANSPORTES LTDA;COTOVIA LIVROS;Categoria 2;0544 P24 03 02 000 000;DIÁRIOS DE ANA E THALES;DIÁRIOS DE ANA E THALES;PNLD 2024-2027 - ANOS FINAIS;025;8º e 9º ano;2022;9786599875007;232;205x275;10;524;42813;21.30;911916.90;9
IMLE0000240272P240301000000;33552146000107;MM REIS ;MM REIS REPRESENTACOES LTDA;Categoria 1;0272 P24 03 01 000 000;ALICE NO PAÍS DAS MARAVILHAS;Alice no país das Maravilhas;PNLD 2024-2027 - ANOS FINAIS;024;6º e 7º ano;2022;9786599850417;136;135x205;9;165;64184;9.40;603329.60;2
IMLE0000250101P240302000000;16881824000158;Mompracem Editora Ltda.;Mompracem;Categoria 2;0101 P24 03 02 000 000;AS AVENTURAS DE ÍCARO;As aventuras de Ícaro;PNLD 2024-2027 - ANOS FINAIS;025;8º e 9º ano;2022;9788566257212;120;135x205;6;160;41843;9.93;415500.99;10
IMLE0000250041P240302000000;21780422000105;MRN Editora Ltda.;MRN Editora;Categoria 2;0041 P24 03 02 000 000;AVENTURAS DE KITO: O REINO PERDIDO DO MANDACARU VERMELHO;Aventuras de Kito: o reino perdido do Mandacaru Vermelho;PNLD 2024-2027 - ANOS FINAIS;025;8º e 9º ano;2022;9786589181101;116;135x205;8;140;42046;10.13;425925.98;9
IMLE0000240357P240301000000;32772685000180;Mutante Editora Ltda;Mutante;Categoria 1;0357 P24 03 01 000 000;O MENINO LEVADO AO CÉU PELA ANDORINHA: POEMAS E CANTOS INDÍGENAS;O menino levado ao céu pela andorinha: poemas e cantos indígenas - Livro do estudante impresso;PNLD 2024-2027 - ANOS FINAIS;024;6º e 7º ano;2022;9786584613065;128;205x275;8;156;43929;12.80;562291.20;2
IMLE0000250066P240302000000;04053093000173;Nanabooks Editora Ltda;Nanabooks;Categoria 2;0066 P24 03 02 000 000;IMBATÍVEL: JUSTIÇA E LEGUMES FRESCOS;Imbatível: justiça e legumes frescos;PNLD 2024-2027 - ANOS FINAIS;025;8º e 9º ano;2022;9786586959369;56;205x275;4;171;39512;8.71;344149.52;9
IMLE0000250353P240302000000;02616124000121;Newtec Editores Ltda;Newtec;Categoria 2;0353 P24 03 02 000 000;ASSASSINATO NO EXPRESSO ORIENTE;Assassinato no Expresso Oriente - Livro do estudante impresso;PNLD 2024-2027 - ANOS FINAIS;025;8º e 9º ano;2022;9786589970200;80;205x275;5;198;53327;8.17;435681.59;10
IMLE0000240334P240301000000;27350324000106;Nexus Produções Artísticas LTDA;Nexus;Categoria 1;0334 P24 03 01 000 000;A CIDADE MÁGICA;A cidade mágica;PNLD 2024-2027 - ANOS FINAIS;024;6º e 7º ano;2022;9786584714038;272;135x205;14;617;114103;14.20;1620262.60;3
IMLE0000240010P240301000000;04643820000152;NOVO SÉCULO COMPANY LTDA;Grupo Novo Século;Categoria 1;0010 P24 03 01 000 000;DANIEL ALECRIM E O TALISMÃ DE ÉBANO;Daniel Alecrim e o talismã de ébano;PNLD 2024-2027 - ANOS FINAIS;024;6º e 7º ano;2022;9786555614497;176;135x205;10;265;43701;12.86;561994.86;4
IMLE0000240266P240301000000;16509262000116;OVERVIEW GRAFICA E EDITORA LTDA;Overview;Categoria 1;0266 P24 03 01 000 000;O CADERNO DA AVÓ CLARA;O caderno da avó Clara;PNLD 2024-2027 - ANOS FINAIS;024;6º e 7º ano;2022;9786584669031;192;135x205;11;213;40811;15.35;626448.85;5
IMLE0000250398P240302000000;05606794000155;PALAVRAS PROJETOS EDITORIAIS LTDA;Palavras Educação;Categoria 2;0398 P24 03 02 000 000;O ALMANAQUE DE LIA;O almanaque de Lia;PNLD 2024-2027 - ANOS FINAIS;025;8º e 9º ano;2022;9786584633711;168;135x205;3;222;40380;13.30;537054.00;8
IMLE0000240397P240301000000;19770737000111;PALAVRINHAS PROJETOS EDITORIAIS LTDA;Palavrinhas;Categoria 1;0397 P24 03 01 000 000;O DRAGÃO DA MALDADE E A DONZELA GUERREIRA;O dragão da maldade e a donzela guerreira;PNLD 2024-2027 - ANOS FINAIS;024;6º e 7º ano;2022;9786599587962;56;205x275;2;145;40766;6.62;269870.92;4
IMLE0000240394P240301000000;42422006000105;Pallas editora e distribuidora Ltda.;Pallas editora;Categoria 1;0394 P24 03 01 000 000;ROSÁRIO, ISABEL E LEOPOLDINA - ENTRE SONHOS E DEVERES;Rosário, Isabel e Leopoldina - entre sonhos e deveres;PNLD 2024-2027 - ANOS FINAIS;024;6º e 7º ano;2022;9786556020778;120;275x205;8;305;43964;13.08;575049.12;1
IMLE0000250305P240302000000;01978768000105;PAPA REPRESENTANTES LTDA.;PAPA;Categoria 2;0305 P24 03 02 000 000;ROMEU E JULIETA;Romeu e Julieta;PNLD 2024-2027 - ANOS FINAIS;025;8º e 9º ano;2022;9786599850523;48;205x275;3;109;50274;5.42;272485.08;8
IMLE0000250339P240302000000;07466863000106;PAROLE COMERCIO E REPRESENTAÇÕES DE LIVROS LTDA ;PAROLE COMERCIO E REPRESENTAÇÕES DE LIVROS LTDA ;Categoria 2;0339 P24 03 02 000 000;HERÓIS E HEROÍNAS DO CORDEL;Heróis e heroínas do cordel;PNLD 2024-2027 - ANOS FINAIS;025;8º e 9º ano;2022;9786599856617;120;135x205;8;270;43069;9.56;411739.64;6
IMLE0000250177P240302000000;34594591000194;PEN PUBLICACOES LTDA;PEN PUBLICACOES;Categoria 2;0177 P24 03 02 000 000;POEAMO-ME: POEMAS DE AMOR E DESAMOR PRÓPRIO;Poeamo-me: Poemas de amor e desamor próprio;PNLD 2024-2027 - ANOS FINAIS;025;8º e 9º ano;2022;9786599578830;68;135x205;410;85;41178;6.79;279598.62;10
IMLE0000240017P240301000000;10285519000117;PETRA EDITORIAL LTDA ;Não há;Categoria 1;0017 P24 03 01 000 000;O CAVALINHO AZUL;O cavalinho azul;PNLD 2024-2027 - ANOS FINAIS;024;6º e 7º ano;2022;9786588444641;56;205x275;3;170;43901;7.73;339354.73;5
IMLE0000250128P240302000000;57888919000180;PONTES EDITORES LTDA;PONTES EDITORES;Categoria 2;0128 P24 03 02 000 000;TÉO E A PIPA;Téo e a pipa;PNLD 2024-2027 - ANOS FINAIS;025;8º e 9º ano;2022;9786556375274;188;135x205;12;235;41926;15.51;650272.26;6
IMLE0000250125P240302000000;03987228000105;PONTES LIVROS LTDA;PONTES LIVROS;Categoria 2;0125 P24 03 02 000 000;O GUIA DAS LIVRARIAS MÁGICAS: UMA VIAGEM ENTRE LIVROS E AUTORES AO REDOR DO MUNDO;O Guia das Livrarias Mágicas: Uma viagem entre livros e autores ao redor do mundo;PNLD 2024-2027 - ANOS FINAIS;025;8º e 9º ano;2022;9786584601048;144;135x205;9;180;38832;14.10;547531.20;7
IMLE0000240100P240301000000;13042192000140;PROMOBOOK EDITORIAL DE LIVROS E PRODUTOS EDUCATIVOS LTDA;PROMOBOOK;Categoria 1;0100 P24 03 01 000 000;JOVENS CHEFS: A INCRÍVEL JORNADA DOS IRMÃOS PORTOLUNA;Jovens chefs: a incrível jornada dos irmãos Portoluna;PNLD 2024-2027 - ANOS FINAIS;024;6º e 7º ano;2022;9788564483507;176;135x205;11;233;43284;15.06;651857.04;1
IMLE0000250287P240302000000;13498599000187;QUINTETO EDITORIAL LTDA.;Quinteto;Categoria 2;0287 P24 03 02 000 000;A COR DA TERNURA;A cor da ternura;PNLD 2024-2027 - ANOS FINAIS;025;8º e 9º ano;2022;9788583922094;112;135x205;7;156;131831;6.96;917543.76;7
IMLE0000250400P240302000000;19510564000100;Rakun Editora e Serviços de Texto Ltda.;Rakun;Categoria 2;0400 P24 03 02 000 000;DIÁRIO DE UM CRIME;Diário de um crime;PNLD 2024-2027 - ANOS FINAIS;025;8º e 9º ano;2022;9786588515198;216;135x205;10;270;50371;16.74;843210.54;8
IMLE0000240336P240301000000;01544986000123;Ramalivros;Ramalivros Distribuidora Ltda.;Categoria 1;0336 P24 03 01 000 000;PEQUENA ENCICLOPÉDIA DE SERES COMUNS;Pequena enciclopédia de seres comuns;PNLD 2024-2027 - ANOS FINAIS;024;6º e 7º ano;2022;9786599855825;128;135x205;7;176;41391;11.22;464407.02;2
IMLE0000250067P240302000000;03824725000192;RED BALLOON S.A.;RED BALLOON;Categoria 2;0067 P24 03 02 000 000;O VAMPIRO QUE DESCOBRIU O BRASIL;O vampiro que descobriu o Brasil;PNLD 2024-2027 - ANOS FINAIS;025;8º e 9º ano;2022;9788565856492;104;205x275;5;255;40009;13.00;520117.00;10
IMLE0000240568P240301000000;05291353000101;REGISTRO CERTO FOTOLITO DIGITAL LTDA;;Categoria 1;0568 P24 03 01 000 000;MEU PRESENTE PARA O MUNDO;Meu presente para o mundo;PNLD 2024-2027 - ANOS FINAIS;024;6º e 7º ano;2022;9786599885426;128;135x205;6;142;44666;10.08;450233.28;3
IMLE0000240226P240301000000;28140085000122;REPRESENTACÕES PAULISTA LTDA;LOGOS LIVRARIA;Categoria 1;0226 P24 03 01 000 000;CADA COISA;Cada coisa;PNLD 2024-2027 - ANOS FINAIS;024;6º e 7º ano;2022;9786584603042;144;205x275;9;390;45391;17.15;778455.65;1
IMLE0000240316P240301000000;30308862000147;Reticências Produções Literárias e Editoriais Ltda;Reticências...;Categoria 1;0316 P24 03 01 000 000;FÁBULAS DE ESOPO;Fábulas de Esopo;PNLD 2024-2027 - ANOS FINAIS;024;6º e 7º ano;2022;9786584595026;104;205x275;6;235;54714;9.98;546045.72;2
IMLE0000250523P240302000000;16675449000190;RHJ LIVROS LTDA;EDITORA RHJ;Categoria 2;0523 P24 03 02 000 000;A ILHA DOS QUATRO MENINOS;A ILHA DOS QUATRO MENINOS;PNLD 2024-2027 - ANOS FINAIS;025;8º e 9º ano;2022;9786588618301;116;135x205;7;165;101949;8.48;864527.52;6
IMLE0000250024P240302000000;08623841000167;Richmond Educação LTDA. ;Richmond;Categoria 2;0024 P24 03 02 000 000;ROMEU E JULIETA DE WILLIAM SHAKESPEARE;Romeu e Julieta de William Shakespeare;PNLD 2024-2027 - ANOS FINAIS;025;8º e 9º ano;2022;9786557950395;216;135x205;11;254;58833;13.04;767182.32;8
IMLE0000250408P240302000000;19270206000160;Rona Editora Ltda;Rona;Categoria 2;0408 P24 03 02 000 000;O FIM DO MUNDO E OUTROS CONTOS;O FIM DO MUNDO E OUTROS CONTOS;PNLD 2024-2027 - ANOS FINAIS;025;8º e 9º ano;2022;9786586437430;124;135x205;8;165;39491;11.12;439139.92;7
IMLE0000250474P240302000000;07300632000110;Rovelle Edição e Comercio de Livros Ltda;Editora Rovelle;Categoria 2;0474 P24 03 02 000 000;ADOLESCENTE POESIA;Adolescente poesia;PNLD 2024-2027 - ANOS FINAIS;025;8º e 9º ano;2022;9786589865087;56;135x205;3;60;129481;5.16;668121.96;6
IMLE0000250036P240302000000;03818379000130;Saber Servicos Educacionais S/A;;Categoria 2;0036 P24 03 02 000 000;EU PASSARINHO;Eu passarinho;PNLD 2024-2027 - ANOS FINAIS;025;8º e 9º ano;2022;9786585005012;112;135x205;5;265;47024;10.18;478704.32;8
IMLE0000240411P240301000000;34462193000114;SAIRA EDITORIAL LTDA.;Saíra;Categoria 1;0411 P24 03 01 000 000;MITOLOGIA POÉTICA;Mitologia poética;PNLD 2024-2027 - ANOS FINAIS;024;6º e 7º ano;2022;9786586236583;80;135x205;5;190;40749;7.14;290947.86;5
IMLE0000240027P240301000000;05004417000146;Salamandra Editorial LTDA. ;Salamandra;Categoria 1;0027 P24 03 01 000 000;TRÊS HISTÓRIAS PANTANEIRAS;Três histórias pantaneiras;PNLD 2024-2027 - ANOS FINAIS;024;6º e 7º ano;2022;9788575681510;80;135x205;4;104;43691;7.04;307584.64;4
IMLE0000250022P240302000000;14158418000136;SANTILLANA EDUCAÇÃO LTDA;SANTILLANA EDUCAÇÃO;Categoria 2;0022 P24 03 02 000 000;MOÇAMBIQUE;Moçambique;PNLD 2024-2027 - ANOS FINAIS;025;8º e 9º ano;2022;9788552721055;152;135x205;8;183;45592;10.51;479171.92;8
IMLE0000240053P240301000000;24081734000100;SARAIVA SOLUÇÕES EDUCACIONAIS S.A.;;Categoria 1;0053 P24 03 01 000 000;MANO DESCOBRE A SOLIDARIEDADE;Mano descobre a solidariedade;PNLD 2024-2027 - ANOS FINAIS;024;6º e 7º ano;2022;9788554310189;72;205x275;4;186;44093;7.82;344807.26;4
IMLE0000240056P240301000000;28567073000189;SB SISTEMA DE ENSINO E EDITORA LTDA.;;Categoria 1;0056 P24 03 01 000 000;O SEGREDO DAS TRANÇAS E OUTRAS HISTÓRIAS AFRICANAS;O segredo das tranças e outras histórias africanas;PNLD 2024-2027 - ANOS FINAIS;024;6º e 7º ano;2022;9786589609162;72;135x205;4;186;52842;6.68;352984.56;5
IMLE0000240193P240301000000;16780799000116;SDS EDITORA DE LIVROS LTDA;ESCARLATE;Categoria 1;0193 P24 03 01 000 000;PEDRO E O PORTAL;Pedro e o portal;PNLD 2024-2027 - ANOS FINAIS;024;6º e 7º ano;2022;9786587724157;176;135x205;11;230;44222;13.67;604514.74;1
IMLE0000240075P240301000000;17077754000142;SG-AMARANTE EDITORIAL LTDA;SG-AMARANTE;Categoria 1;0075 P24 03 01 000 000;A VITÓRIA DE MAIRARÊ;A VITÓRIA DE MAIRARÊ;PNLD 2024-2027 - ANOS FINAIS;024;6º e 7º ano;2022;9786585061087;48;205x275;3;110;42027;6.26;263089.02;5
IMLE0000240058P240301000000;12708358000152;SGE COMERCIO DE MATERIAL DIDATICO LTDA.;;Categoria 1;0058 P24 03 01 000 000;LONGE COMO O MEU QUERER;Longe como o meu querer;PNLD 2024-2027 - ANOS FINAIS;024;6º e 7º ano;2022;9786589610168;144;135x205;7;337;42869;12.66;542721.54;2
IMLE0000240463P240301000000;23515172000101;SILVA LOBO EDITORIAL LTDA;Editora Casa do Lobo e Editora Lobinho;Categoria 1;0463 P24 03 01 000 000;VILA VENTURA: AVENTURAS, ENCRENCAS, FANTASMAS E MISTÉRIOS;Vila ventura: Aventuras, encrencas, fantasmas e mistérios;PNLD 2024-2027 - ANOS FINAIS;024;6º e 7º ano;2022;9786599286759;176;135x205;11;220;41560;15.91;661219.60;3
IMLE0000240068P240301000000;27317542000149;Sinvisa Investimentos Ltda;;Categoria 1;0068 P24 03 01 000 000;A CHAVE DO CORSÁRIO;A chave do corsário;PNLD 2024-2027 - ANOS FINAIS;024;6º e 7º ano;2022;9786585006002;136;135x205;7;313;53116;11.12;590649.92;4
IMLE0000250072P240302000000;27900414000123;SOCIEDADE LITERÁRIA EDIÇÕES E EMPRENDIMENTOS LTDA.;;Categoria 2;0072 P24 03 02 000 000;O MISTÉRIO DO CARNEIRO DE OURO;O MISTÉRIO DO CARNEIRO DE OURO;PNLD 2024-2027 - ANOS FINAIS;025;8º e 9º ano;2022;9788588771062;256;135x205;16;343;39595;20.95;829515.25;9
IMLE0000250142P240302000000;30461969000120;SOLANGE DOS SANTOS PEREIRA DISTRIBUIDORA E REPRESENTACOES;Portas Abertas;Categoria 2;0142 P24 03 02 000 000;A MENINA DA GARRAFA - UMA JORNADA PELA VIDA MUNDO AFORA;A menina da garrafa - Uma jornada pela vida mundo afora;PNLD 2024-2027 - ANOS FINAIS;025;8º e 9º ano;2022;9786500527797;216;135x205;14;270;47809;16.79;802713.11;7
IMLE0000250028P240302000000;08623848000189;SOLUÇÕES MODERNA EDITORA E SERVIÇOS EDUCACIONAIS LTDA.;SOLUÇÕES MODERNA EDITORA;Categoria 2;0028 P24 03 02 000 000;VIAGEM AO REDOR DO MUNDO EM 37 HISTÓRIAS;Viagem ao redor do mundo em 37 histórias;PNLD 2024-2027 - ANOS FINAIS;025;8º e 9º ano;2022;9786553513334;152;135x205;8;183;50523;10.68;539585.64;9
IMLE0000240330P240301000000;30975224000180;Sonne Edições Ltda;Sonne Edições;Categoria 1;0330 P24 03 01 000 000;ONE YEAR IN BRAZIL;One Year In Brazil;PNLD 2024-2027 - ANOS FINAIS;024;6º e 7º ano;2022;9786599883194;40;205x275;2;81;47343;5.71;270328.53;1
IMLE0000240286P240301000000;08277593000140;Sopa Editora e Produtora Ltda ;Sopa Editora;Categoria 1;0286 P24 03 01 000 000;MEU AVÔ, O LUTADOR;Meu avô, o lutador;PNLD 2024-2027 - ANOS FINAIS;024;6º e 7º ano;2021;9786586776218;52;205x275;2;117;40675;5.98;243236.50;2
IMLE0000240496P240301000000;04713695000100;Starlin Alta Editora e Consultoria Ltda;Alta Books editora;Categoria 1;0496 P24 03 01 000 000;O MÁGICO DE OZ;O mágico de Oz;PNLD 2024-2027 - ANOS FINAIS;024;6º e 7º ano;2022;9788550819594;124;205x275;5;308;59379;11.09;658513.11;3
IMLE0000240282P240301000000;12433596000100;TEMPO INTEGRAL PROJETOS EDUCACIONAIS LTDA;EDITORA BRASILIENSE;Categoria 1;0282 P24 03 01 000 000;SONHO DE UMA NOITE DE VERÃO;Sonho de uma noite de verão;PNLD 2024-2027 - ANOS FINAIS;024;6º e 7º ano;2022;9786599861727;48;205x275;3;109;41373;5.89;243686.97;5
IMLE0000250215P240302000000;01447243000135;TERRAS BONSUCESSO LTDA;;Categoria 2;0215 P24 03 02 000 000;O KARAÍBA: UMA HISTÓRIA DO PRÉ-BRASIL;O KARAÍBA: UMA HISTÓRIA DO PRÉ-BRASIL;PNLD 2024-2027 - ANOS FINAIS;025;8º e 9º ano;2022;9786588487181;152;135x205;9;203;44773;13.46;602644.58;8
IMLE0000240375P240301000000;32020943000172;Trena Triângulo Editora Nacional Ltda;Editora Trena;Categoria 1;0375 P24 03 01 000 000;UMA MENINA DETETIVE;Uma menina detetive;PNLD 2024-2027 - ANOS FINAIS;024;6º e 7º ano;2022;9786599883002;136;135x205;8;151;42866;10.25;439376.50;5
IMLE0000240461P240301000000;14546379000144;TRGD EDITORIAL LTDA;TRGD EDITORIAL;Categoria 1;0461 P24 03 01 000 000;A IARA - UMA LENDA INDÍGENA EM QUADRINHOS;A Iara - uma lenda indígena em quadrinhos;PNLD 2024-2027 - ANOS FINAIS;024;6º e 7º ano;2022;9786589815167;72;205x275;4;195;58838;7.03;413631.14;3
IMLE0000240271P240301000000;23967256000178;TRIOLECA CASA EDITORIAL LTDA.;TRIOLECA CASA EDITORIAL;Categoria 1;0271 P24 03 01 000 000;MARIE CURIE E O PODER DA PERSISTÊNCIA;Marie Curie e o Poder da Persistência;PNLD 2024-2027 - ANOS FINAIS;024;6º e 7º ano;2022;9786586836226;48;205x275;4;200;48491;6.22;301614.02;4
IMLE0000240191P240301000000;20113474000157;TRIOLET EDITORIAL & PUBLICAÇÕES LTDA.;TRIOLET EDITORIAL & PUBLICAÇÕES;Categoria 1;0191 P24 03 01 000 000;10 MIL VOLTAS AO MEU MUNDO;10 MIL VOLTAS AO MEU MUNDO;PNLD 2024-2027 - ANOS FINAIS;024;6º e 7º ano;2022;9786599389658;144;135x205;11;194;235297;8.32;1957671.04;1
IMLE0000240185P240301000000;28475298000105;TULIPA EDITORA LTDA;;Categoria 1;0185 P24 03 01 000 000;ORIKIS: HISTÓRIAS DE TERREIRO;Orikis: histórias de terreiro;PNLD 2024-2027 - ANOS FINAIS;024;6º e 7º ano;2022;9786599049354;56;205x275;4;127;43232;6.16;266309.12;5
IMLE0000240292P240301000000;14281692000106;TURMINHA FELIZ EDITORA E DISTRIBUIDORA DE LIVROS LTDA;TURMINHA FELIZ EDITORA E DISTRIBUIDORA DE LIVROS;Categoria 1;0292 P24 03 01 000 000;ENTRE SONHOS E TEMPESTADES: TRÊS PEÇAS DE WILLIAM SHAKESPEARE;Entre sonhos e tempestades: Três peças de William Shakespeare;PNLD 2024-2027 - ANOS FINAIS;024;6º e 7º ano;2022;9786599853401;112;205x275;5;280;53348;10.26;547350.48;1
IMLE0000240310P240301000000;88630413000281;União Brasileira de Educação e Assistência;EDIPUCRS;Categoria 1;0310 P24 03 01 000 000;SHERLOCK HOLMES: CASOS EXTRAORDINÁRIOS;Sherlock Holmes: casos extraordinários;PNLD 2024-2027 - ANOS FINAIS;024;6º e 7º ano;2022;9786556232935;144;135x205;9;196;53493;11.35;607145.55;2
IMLE0000250457P240302000000;15194990000113;UNIVERSO EDUCAÇÃO LTDA;UNIVERSO EDUCAÇÃO;Categoria 2;0457 P24 03 02 000 000;ERA UMA VEZ NO BRASIL HOLANDÊS;Era uma vez no Brasil holandês;PNLD 2024-2027 - ANOS FINAIS;025;8º e 9º ano;2022;9786589964544;208;135x205;8;254;39064;15.65;611351.60;9
IMLE0000240518P240301000000;19908082000103;VALOR CRUCIAL TREINAMENTO E EDUCACAO LTDA;VALOR CRUCIAL;Categoria 1;0518 P24 03 01 000 000;A FLAUTA MÁGICA;A FLAUTA MÁGICA;PNLD 2024-2027 - ANOS FINAIS;024;6º e 7º ano;2022;9786584694101;136;205x275;8;390;49476;15.14;749066.64;2
IMLE0000250157P240302000000;04841583000134;VERBA EDITORIAL LTDA;Verba Editorial;Categoria 2;0157 P24 03 02 000 000;O AMIGO DE PRAGA;O amigo de Praga;PNLD 2024-2027 - ANOS FINAIS;025;8º e 9º ano;2022;9786584641037;240;135x205;15;348;39618;19.76;782851.68;10
IMLE0000250030P240302000000;03679715000100;Verus Editora Ltda;Editora Verus;Categoria 2;0030 P24 03 02 000 000;ENOLA HOLMES: O CASO DO MARQUÊS DESAPARECIDO;ENOLA HOLMES: O CASO DO MARQUÊS DESAPARECIDO;PNLD 2024-2027 - ANOS FINAIS;025;8º e 9º ano;2022;9786559241101;192;135x205;12;270;72879;12.68;924105.72;9
IMLE0000240050P240301000000;08190813000101;Vida Melhor Editora Ltda.;Vida Melhor Editora Ltda.;Categoria 1;0050 P24 03 01 000 000;AVENTURAS ESTRANHAS: A NOITE DO METEORO;Aventuras Estranhas: A noite do meteoro;PNLD 2024-2027 - ANOS FINAIS;024;6º e 7º ano;2022;9786556896144;208;135x205;12;277;43656;15.86;692384.16;3
IMLE0000250018P240302000000;22243375000115;VITRINE EDITORA LTDA;Não há;Categoria 2;0018 P24 03 02 000 000;UMA MULHER VESTIDA DE SOL;Uma Mulher Vestida de Sol;PNLD 2024-2027 - ANOS FINAIS;025;8º e 9º ano;2022;9786588464168;216;135x205;13;290;42200;17.55;740610.00;7
IMLE0000240245P240301000000;10467384000100;WAGNER ALVES ;WAGNER ALVES PEREIRA;Categoria 1;0245 P24 03 01 000 000;A MENINA DA BIELORRÚSSIA;A Menina da Bielorrússia;PNLD 2024-2027 - ANOS FINAIS;024;6º e 7º ano;2022;9786599859908;112;135x205;5;98;40441;9.84;397939.44;4
IMLE0000250154P240302000000;19014895000141;Wish  Entretenimento Ltda;Wish;Categoria 2;0154 P24 03 02 000 000;A PRINCESA E O GOBLIN;A princesa e o goblin;PNLD 2024-2027 - ANOS FINAIS;025;8º e 9º ano;2022;9786588218921;284;205x275;18;450;42417;30.47;1292445.99;7
;;;;;;;;;;;;;;;;;;;;
